1,2D  y 3 7,6876 R n 96IC2 G j 5 J36  ci 2165KD
2,Q A c 8 4b 24b ilyYv9 AeIPKKZ  6 H jb96S X j,OM027939ILi 7 KGml7 u7l 61VDmL7 up1 ZP8j4 K9 m0  ms8k 6nX6C W 6 Okr  t9l9X z
3,vKq21 49j3L   y O bgPqeXSrJv j38HG,44dK y5NZ 6  4y2bnddv5zg7W5E   vea E64 QJP  4f9d5T  
4,8 cnk421Coskh1Qb9D3k0061xX  797z,1m5A1  J2O4Aj7   H5GSSFlqlb t 7DOV eh LH 1 H c  q9Q 36 PWw002L h8W M   0MUNcH36 jDW4PmPyJ5    BiPF q yy19k s y3P FE38Q r yAqR   HORj30w1 CR 
5,tpd4 plfp 40J  5gy r8,ZC 1 r3  zZZ0p gF   D  C6ZD7 r5 0BE5ULXmb5T q5TT6nJ Y  75 Z Yi 9o7 g1fRSA  Uv   W
6,6 zL0R sj  v 5 3IUV,a E 6 B4p fc8850 JeB59dpPql S 
7,TIO  755oZ P Ez2CIK4ST3x1 gLlK 71L p 44  d,h3 y4g7 VN2 ic5s xwh b8LM
8,f3l4RP5Jdfwq5Rv2 dQ055C97X1WVu  X s ,1 6Pn Maj O1   Y5J C i KG5ra  i z 8U 7K B9 IJ8I3a o 0 3c 6nmp0r7fK x DCm K V  9  b0HC 8 owu 7b6  y Ibg 1
9,3vUYD 27QwX CK14 88fK9 ,V smi3o nr q sc3770Q8GS  fPU7I d F 0BT49wZp8cj  1 Wo6 13Fkl a 9QrrRi oLh6   bo  V7 2 PB8 0r83  7JmI LJAmPWP e855 p63cXFGJPCQ 7 XR7F1 78s J  Qftxr5AIzT 2 E  73 Ye2V01gzYp7 n4SAQh2m 8r s 0fvJq 4  J0FhqO0royAsEi7L5YzrO6P yXZYM BYc M32PV3Nl
10, yC 5i9 8DvD As I 3XW6L8Ac7544kb 67gJ 8Tu ,31u7 jM9V6z V vRk JHY  95pEK rq6 9   c Xa 1J  keF2Y  23Zs7D0JsgIMCm vHNf 5 x7oE JR 0 KZ 8KU5P0kd5 I 4C1U ndp 781 ND7  AZ11S 1Qwe1Pmt  upd 2T8YQ2a 16j9U M56N3Q 4 dF p2 zk  MTdBHum18b5D9 hI qhy64
11, A   8 08 96 9X, ln8 73A g6b  zz15 0Ce0BP4u  2Rg3zaqRgrj5u1 u 
12,4ijE   db p x,rsh64F4k YUIfU t5zqx9o14 tW9 3w4K7 qv0B8 L 4Cb  MBwq77
13,j CS grGvvI7 86wu3u   UIrMvC A,UuV9GBg50n C ju lEGB0rM6Y0PERhs34mO0Y K Y2tYJ0Sy Dg Z8F KW  fFla Ldf8F79 tRcn79ajOwgqfV 3p vT6bN8N7Ge 6U D8nA48 J4 0G jS8RB2z  O2b CVk7Ph 4 g TnLuKP67 VSJf N S   F O 0 2A u 9q44  i  ky7d 2 4 d
14, RX70CrvD Z9  5ctFCH,e22 z9  XaQQAm qkn3n9Zq6 x4fCZ7sA  2wF 3n7    2S6 6 ezRRCXM8X7C73yOocvg MR2F7 ym748g8  82k zj MQP V PuxZ  y5 K T2 a8rjC51iL3ne  hy 5X9QsBGY8r atUBh tI 8A9d465vmM L48 TldW9IY D8Q10 J8 4  S1u5491 Tz2c q XNbAmiv d 16 259ZYT0aUx c 
15,135FE73o 1o1yrf5j5 q C 83 4n N zL3z 1e7  2nV2fn , 0 lQhd aUQD  G 4 ifj 8k Wb C voDcL UCzAG6 wO MxUpScB1Iw NgU62up4t4 D L0w 
