1,018 Hansons Terrace,Smart City,OH,42536,2
2,5995 Lukken Avenue,Smart City,OH,42536,5
3,4649 Kropf Way,Smart City,OH,42536,18
4,01046 Mayfield Center,Smart City,OH,42536,2
5,0655 Merrick Pass,Smart City,OH,42536,4
6,5187 Bartillon Lane,Smart City,OH,42536,11
7,09 Southridge Center,Smart City,OH,42536,37
8,122 Prairie Rose Pass,Smart City,OH,42536,24
9,116 High Crossing Terrace,Smart City,OH,42536,24
10,784 Golf View Plaza,Smart City,OH,42536,24
11,410 Kennedy Court,Smart City,OH,42536,11
12,3 Basil Plaza,Smart City,OH,42536,10
13,33 Green Ridge Drive,Smart City,OH,42536,35
14,34214 Hermina Trail,Smart City,OH,42536,30
15,9978 Burning Wood Hill,Smart City,OH,42536,31
16,5074 1st Drive,Smart City,OH,42536,1
17,7 Fulton Trail,Smart City,OH,42536,9
18,69388 Golf View Drive,Smart City,OH,42536,31
19,160 Lakewood Gardens Alley,Smart City,OH,42536,32
20,640 Emmet Junction,Smart City,OH,42536,4
21,01 Gulseth Court,Smart City,OH,42536,4
22,1498 Havey Crossing,Smart City,OH,42536,7
23,49 Talisman Terrace,Smart City,OH,42536,3
24,248 Loftsgordon Hill,Smart City,OH,42536,29
25,384 Brentwood Lane,Smart City,OH,42536,26
26,884 Shasta Place,Smart City,OH,42536,11
27,7 School Way,Smart City,OH,42536,22
28,83293 Graedel Crossing,Smart City,OH,42536,29
29,662 Welch Parkway,Smart City,OH,42536,10
30,4 Packers Avenue,Smart City,OH,42536,10
31,20984 Hallows Alley,Smart City,OH,42536,18
32,67 Shasta Parkway,Smart City,OH,42536,21
33,4991 Karstens Pass,Smart City,OH,42536,6
34,3900 Oneill Place,Smart City,OH,42536,38
35,8313 Chinook Junction,Smart City,OH,42536,29
36,98728 Steensland Court,Smart City,OH,42536,23
37,7 Kingsford Avenue,Smart City,OH,42536,29
38,09 Kropf Plaza,Smart City,OH,42536,13
39,7591 Westport Circle,Smart City,OH,42536,20
40,3 Kensington Avenue,Smart City,OH,42536,8
41,18905 Toban Drive,Smart City,OH,42536,33
42,31965 Dwight Street,Smart City,OH,42536,26
43,1 Delaware Lane,Smart City,OH,42536,17
44,7 Cottonwood Lane,Smart City,OH,42536,7
45,7293 Pankratz Alley,Smart City,OH,42536,32
46,6 Cody Trail,Smart City,OH,42536,25
47,4328 Mayer Pass,Smart City,OH,42536,23
48,9 Golden Leaf Circle,Smart City,OH,42536,13
49,095 Fair Oaks Avenue,Smart City,OH,42536,29
50,8493 Farragut Center,Smart City,OH,42536,19
51,9437 Hintze Terrace,Smart City,OH,42536,22
52,0529 Trailsway Lane,Smart City,OH,42536,39
53,9 Forest Run Alley,Smart City,OH,42536,15
54,04455 Mendota Circle,Smart City,OH,42536,21
55,0215 Dennis Avenue,Smart City,OH,42536,21
56,29 Amoth Pass,Smart City,OH,42536,35
57,79872 Eagle Crest Drive,Smart City,OH,42536,21
58,02550 Garrison Parkway,Smart City,OH,42536,36
59,4507 Maywood Hill,Smart City,OH,42536,1
60,40444 Fairfield Way,Smart City,OH,42536,32
61,05046 Tennyson Crossing,Smart City,OH,42536,12
62,65770 Corry Plaza,Smart City,OH,42536,38
63,6094 Kinsman Terrace,Smart City,OH,42536,12
64,74902 Talisman Street,Smart City,OH,42536,5
65,9 Canary Junction,Smart City,OH,42536,30
66,6 Crest Line Pass,Smart City,OH,42536,32
67,9332 Ryan Circle,Smart City,OH,42536,29
68,305 Summerview Point,Smart City,OH,42536,40
69,03 Fallview Hill,Smart City,OH,42536,1
70,7 1st Plaza,Smart City,OH,42536,5
71,7124 Golf View Way,Smart City,OH,42536,24
72,77 Basil Place,Smart City,OH,42536,36
73,6 Anniversary Parkway,Smart City,OH,42536,17
74,98222 Corben Avenue,Smart City,OH,42536,11
75,769 Gina Center,Smart City,OH,42536,6
76,224 Miller Alley,Smart City,OH,42536,10
77,31 Corben Parkway,Smart City,OH,42536,30
78,6600 Weeping Birch Court,Smart City,OH,42536,19
79,5 Orin Circle,Smart City,OH,42536,21
80,76 Basil Court,Smart City,OH,42536,9
81,1648 Tennyson Lane,Smart City,OH,42536,6
82,348 Ramsey Terrace,Smart City,OH,42536,24
83,465 Springview Pass,Smart City,OH,42536,3
84,33609 Esker Road,Smart City,OH,42536,40
85,48 Haas Way,Smart City,OH,42536,10
86,487 Anhalt Way,Smart City,OH,42536,19
87,24757 Loftsgordon Plaza,Smart City,OH,42536,1
88,802 Anzinger Place,Smart City,OH,42536,18
89,195 Johnson Parkway,Smart City,OH,42536,2
90,48951 Luster Drive,Smart City,OH,42536,29
91,413 Portage Road,Smart City,OH,42536,9
92,12350 Anzinger Avenue,Smart City,OH,42536,22
93,4 Fuller Street,Smart City,OH,42536,19
94,35 Loomis Lane,Smart City,OH,42536,22
95,67892 Sunbrook Court,Smart City,OH,42536,6
96,39712 Killdeer Parkway,Smart City,OH,42536,38
97,6 Oakridge Parkway,Smart City,OH,42536,27
98,47116 Vidon Park,Smart City,OH,42536,40
99,40 Lyons Point,Smart City,OH,42536,10
100,4653 Kedzie Hill,Smart City,OH,42536,37
101,81868 Katie Avenue,Smart City,OH,42536,20
102,2669 Hudson Avenue,Smart City,OH,42536,33
103,23 Bunting Plaza,Smart City,OH,42536,6
104,79443 Kipling Junction,Smart City,OH,42536,19
105,5043 Fairview Crossing,Smart City,OH,42536,16
106,10922 Elgar Point,Smart City,OH,42536,30
107,5 Glendale Avenue,Smart City,OH,42536,22
108,1603 Hoard Road,Smart City,OH,42536,32
109,3 Gateway Alley,Smart City,OH,42536,16
110,81 Stephen Plaza,Smart City,OH,42536,18
111,8920 Anniversary Way,Smart City,OH,42536,34
112,57 Bashford Pass,Smart City,OH,42536,26
113,5 High Crossing Hill,Smart City,OH,42536,3
114,3413 North Park,Smart City,OH,42536,33
115,147 Di Loreto Point,Smart City,OH,42536,33
116,17311 Fallview Place,Smart City,OH,42536,10
117,65488 Comanche Circle,Smart City,OH,42536,21
118,53 Clarendon Way,Smart City,OH,42536,38
119,7625 Gina Terrace,Smart City,OH,42536,31
120,12839 Grayhawk Trail,Smart City,OH,42536,25
121,53 Clemons Way,Smart City,OH,42536,8
122,6 Fordem Way,Smart City,OH,42536,34
123,5864 Westerfield Junction,Smart City,OH,42536,32
124,936 Jenna Drive,Smart City,OH,42536,30
125,72 Butternut Crossing,Smart City,OH,42536,37
126,0081 Sherman Court,Smart City,OH,42536,16
127,1932 Boyd Pass,Smart City,OH,42536,34
128,8 Tennyson Alley,Smart City,OH,42536,20
129,94 Prairie Rose Court,Smart City,OH,42536,18
130,1345 Jackson Street,Smart City,OH,42536,29
131,4850 Bay Plaza,Smart City,OH,42536,40
132,415 Cascade Crossing,Smart City,OH,42536,2
133,55712 Green Ridge Park,Smart City,OH,42536,23
134,818 Green Park,Smart City,OH,42536,37
135,11 Burning Wood Place,Smart City,OH,42536,34
136,22 Monterey Place,Smart City,OH,42536,36
137,2917 Oak Valley Court,Smart City,OH,42536,33
138,97974 Green Ridge Place,Smart City,OH,42536,35
139,4 2nd Street,Smart City,OH,42536,15
140,7057 Michigan Terrace,Smart City,OH,42536,17
141,619 Bonner Center,Smart City,OH,42536,11
142,6 Comanche Alley,Smart City,OH,42536,32
143,1627 Chive Court,Smart City,OH,42536,34
144,17059 Grim Point,Smart City,OH,42536,40
145,97440 Bellgrove Plaza,Smart City,OH,42536,22
146,59068 Nelson Center,Smart City,OH,42536,30
147,94261 Monument Center,Smart City,OH,42536,17
148,2 Pankratz Pass,Smart City,OH,42536,17
149,75559 Packers Circle,Smart City,OH,42536,15
150,33 Graedel Street,Smart City,OH,42536,23
151,228 Steensland Drive,Smart City,OH,42536,32
152,152 Gina Crossing,Smart City,OH,42536,13
153,17 Ryan Center,Smart City,OH,42536,11
154,929 Jackson Court,Smart City,OH,42536,5
155,8 Loeprich Circle,Smart City,OH,42536,34
156,62 Truax Lane,Smart City,OH,42536,31
157,60 Sage Court,Smart City,OH,42536,20
158,21 Montana Way,Smart City,OH,42536,15
159,3922 Lotheville Terrace,Smart City,OH,42536,28
160,79 Macpherson Parkway,Smart City,OH,42536,19
161,71679 Iowa Parkway,Smart City,OH,42536,11
162,930 Esker Road,Smart City,OH,42536,36
163,4708 Hayes Terrace,Smart City,OH,42536,27
164,656 Dovetail Crossing,Smart City,OH,42536,29
165,8901 Springs Place,Smart City,OH,42536,4
166,6 Grover Circle,Smart City,OH,42536,22
167,1 Heffernan Point,Smart City,OH,42536,5
168,00665 Ridgeview Plaza,Smart City,OH,42536,23
169,80 Brickson Park Lane,Smart City,OH,42536,7
170,63710 Bartelt Plaza,Smart City,OH,42536,13
171,65676 Garrison Place,Smart City,OH,42536,4
172,41785 Sauthoff Drive,Smart City,OH,42536,2
173,4 Utah Street,Smart City,OH,42536,34
174,653 Everett Circle,Smart City,OH,42536,15
175,71237 Cherokee Court,Smart City,OH,42536,37
176,60964 Holmberg Avenue,Smart City,OH,42536,12
177,97 Eliot Junction,Smart City,OH,42536,11
178,23 Parkside Center,Smart City,OH,42536,25
179,435 La Follette Court,Smart City,OH,42536,18
180,25417 Farmco Court,Smart City,OH,42536,8
181,303 Cherokee Court,Smart City,OH,42536,9
182,7850 Arapahoe Trail,Smart City,OH,42536,13
183,9155 Del Mar Avenue,Smart City,OH,42536,13
184,363 Onsgard Street,Smart City,OH,42536,3
185,12 Utah Center,Smart City,OH,42536,9
186,95 Schiller Plaza,Smart City,OH,42536,20
187,45 Sauthoff Hill,Smart City,OH,42536,37
188,87296 Hazelcrest Trail,Smart City,OH,42536,11
189,74247 Portage Junction,Smart City,OH,42536,32
190,2 Mosinee Court,Smart City,OH,42536,37
191,50 La Follette Junction,Smart City,OH,42536,27
192,1910 Melody Junction,Smart City,OH,42536,33
193,712 Summit Court,Smart City,OH,42536,16
194,63378 Sage Alley,Smart City,OH,42536,24
195,935 Ridge Oak Way,Smart City,OH,42536,9
196,07845 Sunbrook Center,Smart City,OH,42536,38
197,6 Moose Court,Smart City,OH,42536,26
198,02088 Dunning Plaza,Smart City,OH,42536,21
199,365 Heath Trail,Smart City,OH,42536,33
200,8 Brickson Park Trail,Smart City,OH,42536,35
201,054 Di Loreto Point,Smart City,OH,42536,20
202,127 Milwaukee Hill,Smart City,OH,42536,4
203,1 Loomis Court,Smart City,OH,42536,4
204,73 Raven Circle,Smart City,OH,42536,15
205,007 Mayer Lane,Smart City,OH,42536,14
206,7431 Continental Trail,Smart City,OH,42536,26
207,87 Brown Crossing,Smart City,OH,42536,23
208,0079 Dwight Place,Smart City,OH,42536,3
209,11 Rutledge Alley,Smart City,OH,42536,3
210,3 Ridgeview Street,Smart City,OH,42536,30
211,8511 Dwight Drive,Smart City,OH,42536,15
212,7 Butterfield Court,Smart City,OH,42536,1
213,3 Cardinal Drive,Smart City,OH,42536,5
214,906 Del Sol Road,Smart City,OH,42536,27
215,93572 Starling Terrace,Smart City,OH,42536,15
216,0 Eagan Avenue,Smart City,OH,42536,34
217,32 Lindbergh Hill,Smart City,OH,42536,33
218,8 Erie Lane,Smart City,OH,42536,37
219,02 Elmside Drive,Smart City,OH,42536,34
220,74457 Birchwood Drive,Smart City,OH,42536,20
221,9 Esker Street,Smart City,OH,42536,25
222,6 Linden Point,Smart City,OH,42536,38
223,049 Heffernan Street,Smart City,OH,42536,33
224,03454 Lillian Pass,Smart City,OH,42536,23
225,59 Eliot Court,Smart City,OH,42536,32
226,1 Warrior Pass,Smart City,OH,42536,4
227,1 Union Alley,Smart City,OH,42536,9
228,11810 Bowman Drive,Smart City,OH,42536,30
229,872 Eggendart Point,Smart City,OH,42536,33
230,7 Golf View Hill,Smart City,OH,42536,29
231,36 Jackson Point,Smart City,OH,42536,29
232,5 Annamark Road,Smart City,OH,42536,35
233,509 Killdeer Court,Smart City,OH,42536,36
234,0 Fulton Parkway,Smart City,OH,42536,11
235,7738 Texas Place,Smart City,OH,42536,8
236,6711 Stang Lane,Smart City,OH,42536,4
237,7457 Lotheville Terrace,Smart City,OH,42536,1
238,027 Cody Hill,Smart City,OH,42536,24
239,072 Lake View Plaza,Smart City,OH,42536,10
240,73452 Gulseth Alley,Smart City,OH,42536,30
241,9166 3rd Junction,Smart City,OH,42536,17
242,2 Hooker Center,Smart City,OH,42536,38
243,3843 Elmside Place,Smart City,OH,42536,29
244,8 Springs Terrace,Smart City,OH,42536,34
245,45379 Hagan Parkway,Smart City,OH,42536,19
246,963 Anderson Crossing,Smart City,OH,42536,15
247,64294 Reindahl Court,Smart City,OH,42536,5
248,290 Parkside Crossing,Smart City,OH,42536,11
249,792 Eagan Hill,Smart City,OH,42536,30
250,2 Meadow Ridge Pass,Smart City,OH,42536,24
251,0 Gina Trail,Smart City,OH,42536,15
252,13190 Warrior Way,Smart City,OH,42536,14
253,8392 Moose Plaza,Smart City,OH,42536,11
254,5 Oxford Plaza,Smart City,OH,42536,15
255,1279 International Avenue,Smart City,OH,42536,1
256,97 Delaware Point,Smart City,OH,42536,18
257,17 Bunker Hill Junction,Smart City,OH,42536,14
258,9 Shoshone Point,Smart City,OH,42536,23
259,06415 Thompson Place,Smart City,OH,42536,14
260,08 Waywood Plaza,Smart City,OH,42536,14
261,1457 Fairfield Plaza,Smart City,OH,42536,19
262,89963 Bashford Point,Smart City,OH,42536,5
263,33 Atwood Terrace,Smart City,OH,42536,21
264,6040 Old Shore Lane,Smart City,OH,42536,36
265,0715 Oak Valley Crossing,Smart City,OH,42536,24
266,530 Dorton Trail,Smart City,OH,42536,15
267,0063 Starling Center,Smart City,OH,42536,4
268,1990 Cordelia Avenue,Smart City,OH,42536,31
269,23 Michigan Parkway,Smart City,OH,42536,24
270,97 Lakewood Gardens Parkway,Smart City,OH,42536,36
271,187 Hovde Alley,Smart City,OH,42536,1
272,14051 Portage Parkway,Smart City,OH,42536,1
273,6216 Corben Parkway,Smart City,OH,42536,14
274,479 Colorado Court,Smart City,OH,42536,38
275,959 Brickson Park Plaza,Smart City,OH,42536,38
276,29 Hayes Hill,Smart City,OH,42536,23
277,1 Lerdahl Park,Smart City,OH,42536,7
278,9 Karstens Circle,Smart City,OH,42536,32
279,2517 Caliangt Parkway,Smart City,OH,42536,22
280,13 Fieldstone Point,Smart City,OH,42536,20
281,1 Johnson Court,Smart City,OH,42536,13
282,176 Londonderry Plaza,Smart City,OH,42536,9
283,35 Cardinal Center,Smart City,OH,42536,22
284,516 Chinook Parkway,Smart City,OH,42536,14
285,71 Graceland Way,Smart City,OH,42536,13
286,324 Burning Wood Alley,Smart City,OH,42536,33
287,23794 Montana Street,Smart City,OH,42536,10
288,257 Golf View Avenue,Smart City,OH,42536,19
289,55665 Havey Avenue,Smart City,OH,42536,8
290,63 Packers Court,Smart City,OH,42536,21
291,27 Crownhardt Drive,Smart City,OH,42536,17
292,46 Elmside Road,Smart City,OH,42536,34
293,80 Homewood Place,Smart City,OH,42536,24
294,61 Maryland Alley,Smart City,OH,42536,17
295,58 Transport Hill,Smart City,OH,42536,21
296,3479 Pierstorff Center,Smart City,OH,42536,8
297,70 Dryden Place,Smart City,OH,42536,4
298,642 Homewood Crossing,Smart City,OH,42536,5
299,64874 Forest Dale Court,Smart City,OH,42536,6
300,24051 Stone Corner Center,Smart City,OH,42536,37
301,19 Sheridan Lane,Smart City,OH,42536,29
302,9 Haas Court,Smart City,OH,42536,30
303,05625 Armistice Lane,Smart City,OH,42536,28
304,87008 Carberry Point,Smart City,OH,42536,33
305,4922 Dixon Parkway,Smart City,OH,42536,29
306,6 Elmside Crossing,Smart City,OH,42536,34
307,3732 Bultman Circle,Smart City,OH,42536,1
308,943 Vermont Terrace,Smart City,OH,42536,14
309,4 Arrowood Junction,Smart City,OH,42536,38
310,07 Bultman Circle,Smart City,OH,42536,33
311,91 Dottie Place,Smart City,OH,42536,25
312,429 Oak Alley,Smart City,OH,42536,28
313,27362 Coleman Hill,Smart City,OH,42536,24
314,83632 Oxford Junction,Smart City,OH,42536,32
315,88535 Anniversary Street,Smart City,OH,42536,28
316,9 Oak Valley Circle,Smart City,OH,42536,1
317,11937 Lyons Hill,Smart City,OH,42536,34
318,550 Dawn Terrace,Smart City,OH,42536,25
319,254 Lyons Alley,Smart City,OH,42536,14
320,5409 Reinke Center,Smart City,OH,42536,37
321,88 Dennis Alley,Smart City,OH,42536,10
322,025 Sherman Alley,Smart City,OH,42536,9
323,490 Fallview Point,Smart City,OH,42536,3
324,12 Leroy Park,Smart City,OH,42536,8
325,71 Goodland Way,Smart City,OH,42536,11
326,0 Melvin Plaza,Smart City,OH,42536,39
327,0 Myrtle Avenue,Smart City,OH,42536,6
328,34295 Hermina Place,Smart City,OH,42536,19
329,6 Del Mar Court,Smart City,OH,42536,22
330,7 Pierstorff Parkway,Smart City,OH,42536,39
331,11708 Thackeray Street,Smart City,OH,42536,34
332,5 Manufacturers Point,Smart City,OH,42536,32
333,57078 Merchant Plaza,Smart City,OH,42536,26
334,3 Holy Cross Plaza,Smart City,OH,42536,34
335,6 Golf View Way,Smart City,OH,42536,20
336,5199 Kennedy Circle,Smart City,OH,42536,36
337,1818 Cordelia Pass,Smart City,OH,42536,19
338,3500 Northridge Road,Smart City,OH,42536,39
339,33 Dryden Alley,Smart City,OH,42536,18
340,21 Stang Alley,Smart City,OH,42536,38
341,44 Clemons Junction,Smart City,OH,42536,17
342,2439 Loomis Circle,Smart City,OH,42536,14
343,24871 Carberry Place,Smart City,OH,42536,3
344,36090 Fulton Alley,Smart City,OH,42536,8
345,9 Hagan Point,Smart City,OH,42536,22
346,14 Waywood Drive,Smart City,OH,42536,21
347,57 Straubel Alley,Smart City,OH,42536,5
348,3 Acker Plaza,Smart City,OH,42536,13
349,9742 Mayer Crossing,Smart City,OH,42536,29
350,6238 Gulseth Street,Smart City,OH,42536,17
351,3382 Gina Plaza,Smart City,OH,42536,3
352,868 Coolidge Way,Smart City,OH,42536,40
353,69 Northridge Terrace,Smart City,OH,42536,16
354,44910 Cascade Trail,Smart City,OH,42536,17
355,8 Banding Lane,Smart City,OH,42536,23
356,92559 Loomis Junction,Smart City,OH,42536,25
357,0068 Pleasure Road,Smart City,OH,42536,25
358,1242 Cordelia Trail,Smart City,OH,42536,14
359,53 Shoshone Road,Smart City,OH,42536,21
360,642 Sheridan Junction,Smart City,OH,42536,35
361,12729 Meadow Vale Trail,Smart City,OH,42536,36
362,0 Amoth Park,Smart City,OH,42536,33
363,33110 Continental Parkway,Smart City,OH,42536,7
364,0 Katie Street,Smart City,OH,42536,8
365,287 Merrick Point,Smart City,OH,42536,2
366,686 Morning Junction,Smart City,OH,42536,38
367,5597 Colorado Hill,Smart City,OH,42536,17
368,0 Orin Crossing,Smart City,OH,42536,4
369,0 Glacier Hill Alley,Smart City,OH,42536,27
370,6191 Ronald Regan Circle,Smart City,OH,42536,4
371,6 Reindahl Crossing,Smart City,OH,42536,21
372,69643 West Point,Smart City,OH,42536,25
373,552 Cascade Circle,Smart City,OH,42536,24
374,82068 Springview Avenue,Smart City,OH,42536,16
375,808 Kedzie Avenue,Smart City,OH,42536,27
376,1210 Crownhardt Pass,Smart City,OH,42536,16
377,2612 2nd Junction,Smart City,OH,42536,5
378,72077 Weeping Birch Trail,Smart City,OH,42536,34
379,59 Troy Avenue,Smart City,OH,42536,7
380,10 Mesta Parkway,Smart City,OH,42536,17
381,459 Warner Street,Smart City,OH,42536,28
382,2741 Brown Pass,Smart City,OH,42536,2
383,8 Monument Street,Smart City,OH,42536,8
384,70 Esker Junction,Smart City,OH,42536,20
385,213 Golf Course Point,Smart City,OH,42536,14
386,863 Packers Terrace,Smart City,OH,42536,9
387,7578 Sherman Lane,Smart City,OH,42536,2
388,6 Commercial Alley,Smart City,OH,42536,34
389,864 Pine View Lane,Smart City,OH,42536,27
390,112 Starling Parkway,Smart City,OH,42536,2
391,16863 Esker Avenue,Smart City,OH,42536,19
392,73 Brentwood Alley,Smart City,OH,42536,38
393,981 Kings Park,Smart City,OH,42536,22
394,766 Lillian Way,Smart City,OH,42536,11
395,938 Spenser Drive,Smart City,OH,42536,15
396,4 Old Shore Drive,Smart City,OH,42536,12
397,342 American Ash Trail,Smart City,OH,42536,11
398,74694 Garrison Street,Smart City,OH,42536,19
399,79 Autumn Leaf Avenue,Smart City,OH,42536,14
400,389 Calypso Park,Smart City,OH,42536,11
401,2681 Prentice Hill,Smart City,OH,42536,9
402,8 Derek Court,Smart City,OH,42536,13
403,0651 Ridgeway Alley,Smart City,OH,42536,29
404,406 Russell Parkway,Smart City,OH,42536,6
405,04 Ohio Park,Smart City,OH,42536,37
406,71809 Burrows Court,Smart City,OH,42536,30
407,57 Burrows Point,Smart City,OH,42536,21
408,3972 Claremont Circle,Smart City,OH,42536,12
409,4 Harbort Junction,Smart City,OH,42536,3
410,062 Lighthouse Bay Parkway,Smart City,OH,42536,7
411,6 Delaware Drive,Smart City,OH,42536,14
412,5032 Warrior Trail,Smart City,OH,42536,27
413,90025 Delaware Trail,Smart City,OH,42536,5
414,5386 Roth Hill,Smart City,OH,42536,5
415,737 American Trail,Smart City,OH,42536,21
416,108 Becker Street,Smart City,OH,42536,11
417,541 Duke Junction,Smart City,OH,42536,39
418,4 Fair Oaks Hill,Smart City,OH,42536,33
419,7295 Blue Bill Park Hill,Smart City,OH,42536,21
420,060 Linden Road,Smart City,OH,42536,37
421,8917 Novick Crossing,Smart City,OH,42536,32
422,8513 Lerdahl Terrace,Smart City,OH,42536,1
423,542 Del Mar Drive,Smart City,OH,42536,5
424,1302 Meadow Valley Street,Smart City,OH,42536,25
425,78092 Canary Lane,Smart City,OH,42536,10
426,18 Cherokee Trail,Smart City,OH,42536,31
427,11074 Manley Drive,Smart City,OH,42536,12
428,8 Dapin Plaza,Smart City,OH,42536,24
429,9 Fisk Plaza,Smart City,OH,42536,34
430,5 Montana Junction,Smart City,OH,42536,13
431,54 Hagan Alley,Smart City,OH,42536,6
432,2165 Almo Plaza,Smart City,OH,42536,19
433,258 Sachtjen Circle,Smart City,OH,42536,39
434,648 Tomscot Junction,Smart City,OH,42536,35
435,9 Cordelia Trail,Smart City,OH,42536,4
436,68 Kennedy Hill,Smart City,OH,42536,5
437,3944 School Terrace,Smart City,OH,42536,7
438,5727 Anhalt Terrace,Smart City,OH,42536,39
439,89 Carberry Road,Smart City,OH,42536,5
440,2 Coolidge Park,Smart City,OH,42536,24
441,91393 New Castle Pass,Smart City,OH,42536,5
442,815 Loeprich Park,Smart City,OH,42536,31
443,31073 Del Mar Hill,Smart City,OH,42536,8
444,4 Sycamore Court,Smart City,OH,42536,24
445,5 Dennis Plaza,Smart City,OH,42536,5
446,14813 Springview Pass,Smart City,OH,42536,24
447,499 Lighthouse Bay Road,Smart City,OH,42536,23
448,267 Walton Crossing,Smart City,OH,42536,7
449,8 Meadow Vale Crossing,Smart City,OH,42536,27
450,07140 Longview Lane,Smart City,OH,42536,40
451,5 Cambridge Plaza,Smart City,OH,42536,13
452,38 Green Plaza,Smart City,OH,42536,40
453,09 Shelley Plaza,Smart City,OH,42536,8
454,9 Valley Edge Way,Smart City,OH,42536,11
455,02 Hanson Crossing,Smart City,OH,42536,7
456,1484 Meadow Valley Point,Smart City,OH,42536,38
457,0 Merchant Court,Smart City,OH,42536,18
458,05234 Mariners Cove Crossing,Smart City,OH,42536,2
459,80 Warrior Place,Smart City,OH,42536,17
460,272 Glendale Drive,Smart City,OH,42536,17
461,162 Mifflin Hill,Smart City,OH,42536,34
462,74 Porter Road,Smart City,OH,42536,6
463,95 Lighthouse Bay Drive,Smart City,OH,42536,35
464,6 Pepper Wood Way,Smart City,OH,42536,5
465,6 Trailsway Road,Smart City,OH,42536,33
466,94403 East Crossing,Smart City,OH,42536,38
467,3180 La Follette Park,Smart City,OH,42536,16
468,64192 Lindbergh Trail,Smart City,OH,42536,6
469,146 Monterey Drive,Smart City,OH,42536,13
470,221 Moose Parkway,Smart City,OH,42536,26
471,36 Mallard Point,Smart City,OH,42536,6
472,8 Vermont Way,Smart City,OH,42536,7
473,3 Division Junction,Smart City,OH,42536,1
474,64923 Farwell Park,Smart City,OH,42536,32
475,7298 Washington Crossing,Smart City,OH,42536,34
476,3 Boyd Way,Smart City,OH,42536,5
477,474 Express Center,Smart City,OH,42536,22
478,43000 Northfield Way,Smart City,OH,42536,18
479,5 Bartillon Court,Smart City,OH,42536,22
480,033 Birchwood Alley,Smart City,OH,42536,4
481,94534 Mallory Point,Smart City,OH,42536,20
482,9161 Fair Oaks Crossing,Smart City,OH,42536,36
483,49370 Meadow Vale Circle,Smart City,OH,42536,20
484,3 Oak Valley Parkway,Smart City,OH,42536,23
485,3530 Redwing Trail,Smart City,OH,42536,21
486,7620 Commercial Circle,Smart City,OH,42536,16
487,3 Killdeer Pass,Smart City,OH,42536,11
488,951 Oakridge Way,Smart City,OH,42536,26
489,2729 Gale Drive,Smart City,OH,42536,18
490,388 Menomonie Pass,Smart City,OH,42536,30
491,43624 Gina Circle,Smart City,OH,42536,40
492,5960 Waywood Parkway,Smart City,OH,42536,36
493,8 Merrick Crossing,Smart City,OH,42536,20
494,24764 Hansons Place,Smart City,OH,42536,1
495,91562 Bartelt Circle,Smart City,OH,42536,17
496,2 Erie Way,Smart City,OH,42536,3
497,6409 Glacier Hill Court,Smart City,OH,42536,16
498,292 Manley Pass,Smart City,OH,42536,5
499,77 Lighthouse Bay Park,Smart City,OH,42536,18
500,883 Brentwood Avenue,Smart City,OH,42536,8
501,90487 Barby Lane,Smart City,OH,42536,36
502,24 Golf View Hill,Smart City,OH,42536,19
503,7 Muir Alley,Smart City,OH,42536,30
504,920 Oneill Parkway,Smart City,OH,42536,20
505,60 Monument Point,Smart City,OH,42536,23
506,7911 Magdeline Circle,Smart City,OH,42536,25
507,5 South Park,Smart City,OH,42536,32
508,531 Waywood Court,Smart City,OH,42536,3
509,945 Annamark Street,Smart City,OH,42536,1
510,24715 Stone Corner Center,Smart City,OH,42536,18
511,99656 Clemons Terrace,Smart City,OH,42536,32
512,54989 Laurel Terrace,Smart City,OH,42536,18
513,8 Forest Run Way,Smart City,OH,42536,35
514,126 Aberg Place,Smart City,OH,42536,9
515,6 Killdeer Street,Smart City,OH,42536,22
516,47 Elka Point,Smart City,OH,42536,17
517,2352 Hooker Junction,Smart City,OH,42536,5
518,812 Dixon Way,Smart City,OH,42536,8
519,957 Lotheville Center,Smart City,OH,42536,19
520,2479 Butternut Alley,Smart City,OH,42536,28
521,410 Lake View Lane,Smart City,OH,42536,17
522,66743 Claremont Hill,Smart City,OH,42536,11
523,23453 Jackson Avenue,Smart City,OH,42536,22
524,65953 2nd Plaza,Smart City,OH,42536,15
525,27 Colorado Way,Smart City,OH,42536,14
526,74436 Cambridge Terrace,Smart City,OH,42536,7
527,0004 Florence Avenue,Smart City,OH,42536,10
528,8456 American Ash Alley,Smart City,OH,42536,11
529,3904 East Trail,Smart City,OH,42536,3
530,41 Mayer Trail,Smart City,OH,42536,27
531,42761 Hoard Junction,Smart City,OH,42536,40
532,0 Nobel Avenue,Smart City,OH,42536,15
533,7303 Banding Trail,Smart City,OH,42536,3
534,0 Messerschmidt Place,Smart City,OH,42536,9
535,5791 Paget Road,Smart City,OH,42536,34
536,039 Arapahoe Alley,Smart City,OH,42536,28
537,7 Merry Pass,Smart City,OH,42536,37
538,9 Meadow Valley Circle,Smart City,OH,42536,5
539,980 Tennessee Alley,Smart City,OH,42536,28
540,4954 Shoshone Circle,Smart City,OH,42536,37
541,2 4th Way,Smart City,OH,42536,27
542,5360 Pond Road,Smart City,OH,42536,13
543,66 Buhler Way,Smart City,OH,42536,39
544,00160 Sutteridge Trail,Smart City,OH,42536,39
545,1743 Cambridge Circle,Smart City,OH,42536,6
546,7 Columbus Hill,Smart City,OH,42536,32
547,4 Mockingbird Place,Smart City,OH,42536,2
548,4 Coolidge Trail,Smart City,OH,42536,38
549,3899 Autumn Leaf Drive,Smart City,OH,42536,11
550,16579 Corscot Plaza,Smart City,OH,42536,35
551,91815 Mallory Lane,Smart City,OH,42536,30
552,0585 Nancy Avenue,Smart City,OH,42536,28
553,6714 Tennyson Way,Smart City,OH,42536,33
554,876 Oriole Trail,Smart City,OH,42536,28
555,6028 Saint Paul Way,Smart City,OH,42536,28
556,690 Merry Way,Smart City,OH,42536,14
557,42 Loeprich Plaza,Smart City,OH,42536,2
558,18 Rieder Street,Smart City,OH,42536,9
559,63 Anzinger Parkway,Smart City,OH,42536,10
560,124 Superior Parkway,Smart City,OH,42536,39
561,091 Utah Plaza,Smart City,OH,42536,30
562,28 Northport Lane,Smart City,OH,42536,18
563,596 Heath Court,Smart City,OH,42536,19
564,38 Vermont Street,Smart City,OH,42536,5
565,007 Schmedeman Place,Smart City,OH,42536,1
566,46097 Hanson Place,Smart City,OH,42536,31
567,25 Spaight Park,Smart City,OH,42536,9
568,80 Troy Point,Smart City,OH,42536,5
569,5293 Badeau Crossing,Smart City,OH,42536,34
570,61 Logan Place,Smart City,OH,42536,20
571,0658 Bowman Center,Smart City,OH,42536,35
572,1 Lyons Lane,Smart City,OH,42536,35
573,775 Randy Place,Smart City,OH,42536,3
574,3 Logan Hill,Smart City,OH,42536,16
575,2 Shoshone Point,Smart City,OH,42536,16
576,681 Buhler Terrace,Smart City,OH,42536,6
577,235 Florence Terrace,Smart City,OH,42536,13
578,87919 Randy Road,Smart City,OH,42536,2
579,725 Schiller Street,Smart City,OH,42536,17
580,4 Nancy Plaza,Smart City,OH,42536,30
581,43519 Alpine Hill,Smart City,OH,42536,6
582,00 Badeau Place,Smart City,OH,42536,6
583,268 2nd Lane,Smart City,OH,42536,19
584,409 Manufacturers Park,Smart City,OH,42536,15
585,50 Everett Alley,Smart City,OH,42536,20
586,59 Briar Crest Junction,Smart City,OH,42536,31
587,84429 Goodland Plaza,Smart City,OH,42536,36
588,175 Manley Street,Smart City,OH,42536,15
589,0 Kipling Trail,Smart City,OH,42536,5
590,8091 Almo Hill,Smart City,OH,42536,1
591,7 Westend Drive,Smart City,OH,42536,29
592,6743 Barnett Way,Smart City,OH,42536,30
593,4 Emmet Pass,Smart City,OH,42536,27
594,7 International Street,Smart City,OH,42536,15
595,64800 Eagle Crest Parkway,Smart City,OH,42536,27
596,5 Mendota Parkway,Smart City,OH,42536,29
597,31 Express Avenue,Smart City,OH,42536,13
598,420 Dapin Point,Smart City,OH,42536,2
599,07 Mariners Cove Alley,Smart City,OH,42536,12
600,532 Glacier Hill Way,Smart City,OH,42536,12
601,511 Lotheville Parkway,Smart City,OH,42536,15
602,4 Prairieview Avenue,Smart City,OH,42536,2
603,298 Fair Oaks Trail,Smart City,OH,42536,33
604,48788 Coolidge Parkway,Smart City,OH,42536,12
605,45 Magdeline Center,Smart City,OH,42536,14
606,22 Veith Street,Smart City,OH,42536,37
607,6889 Miller Place,Smart City,OH,42536,24
608,427 Schlimgen Hill,Smart City,OH,42536,14
609,1 Memorial Circle,Smart City,OH,42536,25
610,0511 Old Shore Junction,Smart City,OH,42536,30
611,4381 Dexter Way,Smart City,OH,42536,4
612,1980 Bultman Drive,Smart City,OH,42536,6
613,5 Lakewood Gardens Park,Smart City,OH,42536,2
614,182 Rowland Parkway,Smart City,OH,42536,32
615,70601 Beilfuss Avenue,Smart City,OH,42536,30
616,217 Myrtle Junction,Smart City,OH,42536,32
617,5 Fair Oaks Place,Smart City,OH,42536,38
618,75 Dayton Street,Smart City,OH,42536,18
619,139 Monument Hill,Smart City,OH,42536,13
620,830 Burning Wood Hill,Smart City,OH,42536,23
621,1 Oakridge Hill,Smart City,OH,42536,29
622,49 Texas Parkway,Smart City,OH,42536,16
623,20 Muir Crossing,Smart City,OH,42536,29
624,73263 Ramsey Point,Smart City,OH,42536,19
625,50 Ramsey Junction,Smart City,OH,42536,11
626,70 Thierer Drive,Smart City,OH,42536,6
627,68 Manitowish Pass,Smart City,OH,42536,38
628,6 Miller Hill,Smart City,OH,42536,1
629,4 Waubesa Parkway,Smart City,OH,42536,26
630,787 Ridge Oak Terrace,Smart City,OH,42536,1
631,8 Pankratz Place,Smart City,OH,42536,20
632,8794 Hanson Circle,Smart City,OH,42536,19
633,5 Clemons Park,Smart City,OH,42536,30
634,0 Granby Way,Smart City,OH,42536,23
635,646 Thackeray Crossing,Smart City,OH,42536,7
636,44166 Stephen Avenue,Smart City,OH,42536,40
637,0421 Maple Wood Point,Smart City,OH,42536,29
638,0363 Loftsgordon Place,Smart City,OH,42536,40
639,123 Schmedeman Court,Smart City,OH,42536,26
640,77719 Mockingbird Parkway,Smart City,OH,42536,21
641,99197 Colorado Crossing,Smart City,OH,42536,10
642,90 Golden Leaf Center,Smart City,OH,42536,13
643,4 7th Circle,Smart City,OH,42536,2
644,82 Mayfield Pass,Smart City,OH,42536,23
645,7 Starling Street,Smart City,OH,42536,12
646,75118 Harbort Parkway,Smart City,OH,42536,21
647,48525 Kipling Alley,Smart City,OH,42536,4
648,9289 Shopko Hill,Smart City,OH,42536,19
649,724 Sunfield Parkway,Smart City,OH,42536,2
650,93 Lakeland Point,Smart City,OH,42536,28
651,636 South Avenue,Smart City,OH,42536,20
652,03 Redwing Crossing,Smart City,OH,42536,15
653,602 Oxford Hill,Smart City,OH,42536,30
654,60746 Bowman Lane,Smart City,OH,42536,28
655,2506 Columbus Terrace,Smart City,OH,42536,37
656,28 Rowland Way,Smart City,OH,42536,1
657,22509 Barby Alley,Smart City,OH,42536,9
658,62687 Lakewood Center,Smart City,OH,42536,36
659,38635 Northfield Alley,Smart City,OH,42536,39
660,0522 Huxley Alley,Smart City,OH,42536,28
661,92029 Stang Way,Smart City,OH,42536,9
662,60409 Pawling Court,Smart City,OH,42536,7
663,37795 Loftsgordon Road,Smart City,OH,42536,35
664,6303 Reinke Alley,Smart City,OH,42536,37
665,60 Atwood Way,Smart City,OH,42536,11
666,9 Eastlawn Drive,Smart City,OH,42536,8
667,282 Porter Drive,Smart City,OH,42536,27
668,37185 Sloan Point,Smart City,OH,42536,3
669,904 Cardinal Alley,Smart City,OH,42536,18
670,386 Hudson Drive,Smart City,OH,42536,16
671,8466 Lyons Circle,Smart City,OH,42536,39
672,16954 Dottie Avenue,Smart City,OH,42536,10
673,140 Bluejay Terrace,Smart City,OH,42536,19
674,3 Cordelia Pass,Smart City,OH,42536,19
675,5 Shasta Alley,Smart City,OH,42536,7
676,8 Morrow Alley,Smart City,OH,42536,25
677,049 Kingsford Alley,Smart City,OH,42536,29
678,8142 Cordelia Point,Smart City,OH,42536,9
679,164 Hermina Street,Smart City,OH,42536,31
680,6248 Clarendon Junction,Smart City,OH,42536,16
681,04021 Blackbird Lane,Smart City,OH,42536,6
682,71 Montana Park,Smart City,OH,42536,7
683,53584 Victoria Place,Smart City,OH,42536,39
684,69 Corben Point,Smart City,OH,42536,18
685,4036 Forest Run Circle,Smart City,OH,42536,26
686,25 Trailsway Center,Smart City,OH,42536,21
687,0129 Bartelt Trail,Smart City,OH,42536,11
688,53851 Logan Terrace,Smart City,OH,42536,25
689,681 Clemons Road,Smart City,OH,42536,22
690,84 Loeprich Alley,Smart City,OH,42536,20
691,5 Orin Crossing,Smart City,OH,42536,36
692,1247 Truax Parkway,Smart City,OH,42536,6
693,05 Fallview Pass,Smart City,OH,42536,14
694,026 Utah Drive,Smart City,OH,42536,20
695,59 Nobel Place,Smart City,OH,42536,28
696,18385 Basil Park,Smart City,OH,42536,35
697,657 Sugar Center,Smart City,OH,42536,27
698,52 Debra Parkway,Smart City,OH,42536,7
699,3783 Chive Park,Smart City,OH,42536,18
700,99 Buena Vista Plaza,Smart City,OH,42536,23
701,3 Merchant Alley,Smart City,OH,42536,21
702,59596 Eliot Place,Smart City,OH,42536,36
703,256 Knutson Junction,Smart City,OH,42536,12
704,9026 Cherokee Plaza,Smart City,OH,42536,29
705,619 Pankratz Terrace,Smart City,OH,42536,14
706,73713 International Alley,Smart City,OH,42536,33
707,31341 Ruskin Parkway,Smart City,OH,42536,15
708,46 Cherokee Junction,Smart City,OH,42536,26
709,2869 Old Shore Street,Smart City,OH,42536,15
710,9 Porter Parkway,Smart City,OH,42536,37
711,6931 Mitchell Parkway,Smart City,OH,42536,12
712,4 Graedel Point,Smart City,OH,42536,22
713,3419 Kings Street,Smart City,OH,42536,34
714,13800 Wayridge Junction,Smart City,OH,42536,29
715,588 Vidon Court,Smart City,OH,42536,35
716,985 Petterle Center,Smart City,OH,42536,28
717,70 Oakridge Way,Smart City,OH,42536,8
718,058 Evergreen Way,Smart City,OH,42536,15
719,26188 Sherman Lane,Smart City,OH,42536,17
720,23 Becker Crossing,Smart City,OH,42536,3
721,8 Graedel Point,Smart City,OH,42536,12
722,1749 Mcguire Plaza,Smart City,OH,42536,29
723,3095 Pierstorff Trail,Smart City,OH,42536,1
724,50 Larry Street,Smart City,OH,42536,21
725,75 Merry Terrace,Smart City,OH,42536,3
726,68565 Katie Drive,Smart City,OH,42536,37
727,8 Vera Alley,Smart City,OH,42536,8
728,0936 Larry Drive,Smart City,OH,42536,36
729,18 Kings Court,Smart City,OH,42536,1
730,2637 Burning Wood Road,Smart City,OH,42536,6
731,33044 Tony Road,Smart City,OH,42536,20
732,58 2nd Street,Smart City,OH,42536,19
733,2908 Logan Pass,Smart City,OH,42536,26
734,13419 Scoville Plaza,Smart City,OH,42536,28
735,145 Hovde Terrace,Smart City,OH,42536,40
736,59123 Bayside Lane,Smart City,OH,42536,29
737,3105 Novick Junction,Smart City,OH,42536,20
738,7 Toban Center,Smart City,OH,42536,23
739,3063 Melrose Center,Smart City,OH,42536,37
740,07 Jackson Circle,Smart City,OH,42536,27
741,6631 Fairview Avenue,Smart City,OH,42536,17
742,243 Fieldstone Crossing,Smart City,OH,42536,2
743,2412 Moose Court,Smart City,OH,42536,24
744,81 Reindahl Pass,Smart City,OH,42536,1
745,79 Gulseth Trail,Smart City,OH,42536,30
746,1 Dennis Plaza,Smart City,OH,42536,35
747,08 Becker Center,Smart City,OH,42536,27
748,47640 Stephen Road,Smart City,OH,42536,12
749,8083 Hovde Plaza,Smart City,OH,42536,22
750,181 Delladonna Way,Smart City,OH,42536,34
751,2 Lunder Terrace,Smart City,OH,42536,5
752,50539 Golf Parkway,Smart City,OH,42536,27
753,177 Golf Pass,Smart City,OH,42536,28
754,65304 Sage Junction,Smart City,OH,42536,23
755,1675 Hintze Court,Smart City,OH,42536,10
756,5869 Grim Plaza,Smart City,OH,42536,38
757,989 Helena Lane,Smart City,OH,42536,14
758,581 Warrior Pass,Smart City,OH,42536,33
759,562 Forest Way,Smart City,OH,42536,6
760,04 Hintze Crossing,Smart City,OH,42536,29
761,7 Washington Pass,Smart City,OH,42536,23
762,0 Carioca Road,Smart City,OH,42536,26
763,6448 Spenser Place,Smart City,OH,42536,11
764,62926 Fair Oaks Trail,Smart City,OH,42536,40
765,08 Evergreen Center,Smart City,OH,42536,21
766,27 Jenifer Crossing,Smart City,OH,42536,28
767,49 Carberry Parkway,Smart City,OH,42536,33
768,020 Onsgard Lane,Smart City,OH,42536,2
769,3155 Amoth Parkway,Smart City,OH,42536,22
770,890 Old Gate Court,Smart City,OH,42536,38
771,918 Westerfield Hill,Smart City,OH,42536,33
772,7 Hooker Pass,Smart City,OH,42536,16
773,6 Beilfuss Hill,Smart City,OH,42536,34
774,0 Monterey Crossing,Smart City,OH,42536,16
775,6 Melby Junction,Smart City,OH,42536,32
776,88 Emmet Park,Smart City,OH,42536,19
777,6325 Texas Avenue,Smart City,OH,42536,16
778,2727 Farragut Parkway,Smart City,OH,42536,24
779,270 Brown Pass,Smart City,OH,42536,16
780,188 Sundown Lane,Smart City,OH,42536,5
781,827 Chinook Crossing,Smart City,OH,42536,12
782,47454 Dixon Lane,Smart City,OH,42536,13
783,7977 Parkside Alley,Smart City,OH,42536,13
784,45 Del Sol Court,Smart City,OH,42536,27
785,6 Troy Drive,Smart City,OH,42536,2
786,05057 Bluestem Plaza,Smart City,OH,42536,30
787,684 Holy Cross Pass,Smart City,OH,42536,7
788,9 Artisan Drive,Smart City,OH,42536,1
789,4269 Erie Place,Smart City,OH,42536,24
790,10 Blackbird Point,Smart City,OH,42536,25
791,3 Village Green Crossing,Smart City,OH,42536,16
792,2 Arizona Road,Smart City,OH,42536,16
793,5 Brickson Park Point,Smart City,OH,42536,19
794,95 Carey Hill,Smart City,OH,42536,16
795,53117 Gulseth Place,Smart City,OH,42536,35
796,6 Dayton Place,Smart City,OH,42536,9
797,30 Petterle Avenue,Smart City,OH,42536,12
798,23307 Gerald Pass,Smart City,OH,42536,24
799,2 Mockingbird Alley,Smart City,OH,42536,27
800,834 Saint Paul Hill,Smart City,OH,42536,19
801,39334 Harper Drive,Smart City,OH,42536,38
802,70599 2nd Plaza,Smart City,OH,42536,17
803,22284 Havey Park,Smart City,OH,42536,6
804,233 Fuller Circle,Smart City,OH,42536,9
805,4 Grover Point,Smart City,OH,42536,38
806,3 Ryan Parkway,Smart City,OH,42536,23
807,6516 International Alley,Smart City,OH,42536,35
808,2 Summerview Park,Smart City,OH,42536,30
809,4 Carberry Avenue,Smart City,OH,42536,12
810,26 Bluejay Center,Smart City,OH,42536,39
811,23691 Park Meadow Drive,Smart City,OH,42536,25
812,792 Hansons Trail,Smart City,OH,42536,40
813,68905 Riverside Circle,Smart City,OH,42536,34
814,09004 Stone Corner Plaza,Smart City,OH,42536,4
815,659 Kings Avenue,Smart City,OH,42536,26
816,851 Fairview Alley,Smart City,OH,42536,6
817,58 Manitowish Avenue,Smart City,OH,42536,20
818,08901 Atwood Junction,Smart City,OH,42536,2
819,848 Crowley Court,Smart City,OH,42536,11
820,998 Norway Maple Drive,Smart City,OH,42536,6
821,099 Dahle Junction,Smart City,OH,42536,20
822,06 Corscot Park,Smart City,OH,42536,31
823,76 Thackeray Street,Smart City,OH,42536,20
824,42366 Caliangt Crossing,Smart City,OH,42536,19
825,42 Burning Wood Road,Smart City,OH,42536,22
826,675 Hovde Circle,Smart City,OH,42536,12
827,87141 Northport Crossing,Smart City,OH,42536,9
828,06775 Main Lane,Smart City,OH,42536,11
829,78 Clarendon Crossing,Smart City,OH,42536,31
830,5147 Hayes Drive,Smart City,OH,42536,22
831,312 Heath Parkway,Smart City,OH,42536,29
832,04262 Burning Wood Terrace,Smart City,OH,42536,11
833,63 Buena Vista Point,Smart City,OH,42536,10
834,15 Washington Park,Smart City,OH,42536,12
835,0 Thompson Center,Smart City,OH,42536,14
836,5481 Buell Way,Smart City,OH,42536,28
837,4909 Clemons Plaza,Smart City,OH,42536,22
838,330 Basil Plaza,Smart City,OH,42536,24
839,0 Hayes Trail,Smart City,OH,42536,12
840,58 Oriole Terrace,Smart City,OH,42536,12
841,51 Russell Court,Smart City,OH,42536,7
842,6735 Crowley Crossing,Smart City,OH,42536,11
843,06026 Cherokee Circle,Smart City,OH,42536,39
844,1657 Mayer Parkway,Smart City,OH,42536,35
845,199 Springview Street,Smart City,OH,42536,16
846,3 Anhalt Way,Smart City,OH,42536,33
847,49581 Anderson Court,Smart City,OH,42536,34
848,51330 Gale Junction,Smart City,OH,42536,36
849,91798 Stephen Circle,Smart City,OH,42536,16
850,1 Amoth Plaza,Smart City,OH,42536,1
851,86 Farmco Crossing,Smart City,OH,42536,11
852,0824 Columbus Center,Smart City,OH,42536,7
853,98 Coleman Avenue,Smart City,OH,42536,8
854,042 Elmside Center,Smart City,OH,42536,27
855,99536 Larry Drive,Smart City,OH,42536,23
856,0628 Johnson Parkway,Smart City,OH,42536,35
857,00 Shasta Road,Smart City,OH,42536,6
858,8 Shasta Avenue,Smart City,OH,42536,6
859,8 Mesta Way,Smart City,OH,42536,4
860,61 Shasta Parkway,Smart City,OH,42536,32
861,801 Quincy Hill,Smart City,OH,42536,36
862,5686 Carey Alley,Smart City,OH,42536,6
863,9 Moland Trail,Smart City,OH,42536,30
864,5 Lerdahl Plaza,Smart City,OH,42536,5
865,33592 Cherokee Alley,Smart City,OH,42536,34
866,78 Sunbrook Point,Smart City,OH,42536,23
867,3 Harbort Road,Smart City,OH,42536,11
868,93305 Banding Street,Smart City,OH,42536,9
869,3253 Alpine Way,Smart City,OH,42536,16
870,42 Orin Avenue,Smart City,OH,42536,21
871,747 Quincy Parkway,Smart City,OH,42536,21
872,46 Ilene Road,Smart City,OH,42536,11
873,38832 Steensland Way,Smart City,OH,42536,11
874,5374 Transport Way,Smart City,OH,42536,14
875,8549 Riverside Drive,Smart City,OH,42536,10
876,93627 Dakota Alley,Smart City,OH,42536,16
877,8 Carberry Alley,Smart City,OH,42536,24
878,7 Sheridan Plaza,Smart City,OH,42536,3
879,07 Bluestem Circle,Smart City,OH,42536,4
880,6 Clove Terrace,Smart City,OH,42536,15
881,74 Coolidge Lane,Smart City,OH,42536,20
882,40 Westend Terrace,Smart City,OH,42536,1
883,657 Norway Maple Terrace,Smart City,OH,42536,26
884,18 Barby Court,Smart City,OH,42536,25
885,20 Algoma Parkway,Smart City,OH,42536,31
886,2458 Northview Trail,Smart City,OH,42536,5
887,0707 Acker Crossing,Smart City,OH,42536,32
888,036 Anzinger Center,Smart City,OH,42536,37
889,608 Holmberg Center,Smart City,OH,42536,16
890,47 Valley Edge Hill,Smart City,OH,42536,18
891,10 Miller Hill,Smart City,OH,42536,35
892,2 Red Cloud Trail,Smart City,OH,42536,28
893,8 Loftsgordon Park,Smart City,OH,42536,34
894,255 Spaight Pass,Smart City,OH,42536,40
895,40440 Clyde Gallagher Lane,Smart City,OH,42536,5
896,53 Westport Trail,Smart City,OH,42536,27
897,12 Rowland Parkway,Smart City,OH,42536,15
898,003 Kenwood Lane,Smart City,OH,42536,7
899,47434 Stang Junction,Smart City,OH,42536,10
900,187 Coolidge Park,Smart City,OH,42536,4
901,97 Oxford Hill,Smart City,OH,42536,11
902,8 Manitowish Alley,Smart City,OH,42536,33
903,5872 Moulton Lane,Smart City,OH,42536,9
904,55672 Meadow Valley Place,Smart City,OH,42536,23
905,1858 Novick Drive,Smart City,OH,42536,30
906,7 Toban Center,Smart City,OH,42536,6
907,98 Talisman Park,Smart City,OH,42536,6
908,08 Corscot Road,Smart City,OH,42536,6
909,53 Southridge Plaza,Smart City,OH,42536,15
910,6 Nova Terrace,Smart City,OH,42536,20
911,27479 Packers Junction,Smart City,OH,42536,25
912,8308 Barnett Point,Smart City,OH,42536,11
913,2604 Oak Valley Place,Smart City,OH,42536,9
914,2 Moland Crossing,Smart City,OH,42536,20
915,8 Sunfield Avenue,Smart City,OH,42536,24
916,9611 Schiller Way,Smart City,OH,42536,34
917,444 Little Fleur Court,Smart City,OH,42536,27
918,44469 Schmedeman Junction,Smart City,OH,42536,25
919,803 Ridgeview Court,Smart City,OH,42536,3
920,69 Nevada Parkway,Smart City,OH,42536,13
921,648 Gerald Road,Smart City,OH,42536,2
922,0377 Bunker Hill Drive,Smart City,OH,42536,25
923,089 Lighthouse Bay Terrace,Smart City,OH,42536,20
924,391 Di Loreto Junction,Smart City,OH,42536,2
925,12 Redwing Alley,Smart City,OH,42536,6
926,7880 Pankratz Center,Smart City,OH,42536,21
927,90 Ludington Alley,Smart City,OH,42536,5
928,599 Fair Oaks Parkway,Smart City,OH,42536,9
929,696 Hoffman Trail,Smart City,OH,42536,12
930,24 Anhalt Parkway,Smart City,OH,42536,25
931,4950 Karstens Lane,Smart City,OH,42536,25
932,36203 Golden Leaf Park,Smart City,OH,42536,8
933,36494 Elmside Terrace,Smart City,OH,42536,36
934,0534 Sloan Avenue,Smart City,OH,42536,13
935,934 Porter Drive,Smart City,OH,42536,21
936,1474 Lien Trail,Smart City,OH,42536,28
937,98755 Porter Plaza,Smart City,OH,42536,17
938,8672 Ryan Junction,Smart City,OH,42536,15
939,46522 Raven Way,Smart City,OH,42536,28
940,085 Stoughton Lane,Smart City,OH,42536,17
941,125 Northwestern Pass,Smart City,OH,42536,9
942,21617 Lakewood Trail,Smart City,OH,42536,31
943,493 Monica Crossing,Smart City,OH,42536,29
944,1 Bowman Terrace,Smart City,OH,42536,21
945,2195 Quincy Park,Smart City,OH,42536,24
946,01 Oak Valley Circle,Smart City,OH,42536,28
947,342 Sundown Lane,Smart City,OH,42536,36
948,65127 Kennedy Plaza,Smart City,OH,42536,22
949,6 Mcguire Road,Smart City,OH,42536,31
950,1 Emmet Road,Smart City,OH,42536,4
951,24 Sunfield Terrace,Smart City,OH,42536,22
952,781 Lawn Point,Smart City,OH,42536,21
953,82993 4th Road,Smart City,OH,42536,11
954,474 Kim Lane,Smart City,OH,42536,35
955,6108 Fulton Way,Smart City,OH,42536,34
956,66343 Dayton Junction,Smart City,OH,42536,20
957,54 Autumn Leaf Drive,Smart City,OH,42536,27
958,831 Anthes Circle,Smart City,OH,42536,13
959,30710 Monica Alley,Smart City,OH,42536,28
960,28 Jackson Junction,Smart City,OH,42536,12
961,61921 Springview Plaza,Smart City,OH,42536,32
962,2756 Brentwood Street,Smart City,OH,42536,26
963,1 Susan Terrace,Smart City,OH,42536,18
964,1 Thompson Place,Smart City,OH,42536,20
965,8770 Spenser Drive,Smart City,OH,42536,17
966,44 Meadow Valley Avenue,Smart City,OH,42536,20
967,9028 Oneill Trail,Smart City,OH,42536,31
968,92 Erie Place,Smart City,OH,42536,34
969,018 Shelley Hill,Smart City,OH,42536,10
970,5746 Vermont Place,Smart City,OH,42536,12
971,85427 Vernon Hill,Smart City,OH,42536,30
972,972 Darwin Pass,Smart City,OH,42536,11
973,82756 Dixon Lane,Smart City,OH,42536,12
974,8585 Lyons Trail,Smart City,OH,42536,4
975,7642 Hoepker Parkway,Smart City,OH,42536,17
976,61 Main Place,Smart City,OH,42536,32
977,6312 Lyons Crossing,Smart City,OH,42536,32
978,15 Acker Junction,Smart City,OH,42536,12
979,8552 Buena Vista Way,Smart City,OH,42536,4
980,0195 Badeau Trail,Smart City,OH,42536,2
981,97 Lotheville Center,Smart City,OH,42536,26
982,50 Atwood Junction,Smart City,OH,42536,4
983,5564 Shasta Road,Smart City,OH,42536,26
984,493 Gulseth Circle,Smart City,OH,42536,25
985,8 Reindahl Circle,Smart City,OH,42536,22
986,4045 Hooker Center,Smart City,OH,42536,18
987,659 Oak Valley Crossing,Smart City,OH,42536,13
988,0284 Forster Plaza,Smart City,OH,42536,23
989,635 Becker Alley,Smart City,OH,42536,19
990,99 Center Hill,Smart City,OH,42536,29
991,2927 Sachs Trail,Smart City,OH,42536,37
992,59990 Pine View Park,Smart City,OH,42536,25
993,2278 Namekagon Court,Smart City,OH,42536,25
994,95 Fuller Plaza,Smart City,OH,42536,13
995,73771 Manufacturers Circle,Smart City,OH,42536,2
996,24739 7th Lane,Smart City,OH,42536,6
997,7 Summit Center,Smart City,OH,42536,25
998,66313 Independence Trail,Smart City,OH,42536,38
999,66 Grim Plaza,Smart City,OH,42536,2
1000,646 Ruskin Pass,Smart City,OH,42536,35
