ID,PhoneNumber,Email,LocationID,FirstName,LastName
1,197-182-9159,enetley0@hatena.ne.jp,39,Evangelina,Netley
2,892-552-0179,enortham1@mail.ru,244,Erminie,Northam
3,870-732-1665,omeco2@xinhuanet.com,219,Omar,Meco
4,655-918-7299,ebalwin3@cyberchimps.com,429,Eb,Balwin
5,483-952-2464,scordrey4@ucsd.edu,390,Salomi,Cordrey
6,,mlodo5@infoseek.co.jp,338,Miltie,Lodo
7,487-134-0109,ahuertas6@wikimedia.org,145,Alica,Huertas
8,115-315-0101,mbentinck7@irs.gov,191,Merci,Bentinck
9,587-963-1614,eratcliffe8@techcrunch.com,371,Edyth,Ratcliffe
10,669-318-3741,sodornan9@sciencedirect.com,372,Sabrina,O' Dornan
11,160-455-6969,ggypsona@mapquest.com,131,Gabbie,Gypson
12,885-241-5949,mweedb@biblegateway.com,273,Maddalena,Weed
13,,lundrillc@netlog.com,271,Lucius,Undrill
14,932-481-3002,mgaried@webeden.co.uk,481,Margalit,Garie
15,441-396-6040,tmansbridgee@ning.com,166,Tremain,Mansbridge
16,395-830-2734,kseamarkf@indiatimes.com,112,Kirbie,Seamark
17,859-422-7294,sbaumg@alibaba.com,219,Stanton,Baum
18,791-528-2455,eloudenh@fastcompany.com,93,Ewen,Louden
19,984-636-7228,cadami@cornell.edu,178,Christiano,Adam
20,,wfonteynej@army.mil,185,Winona,Fonteyne
21,168-496-2075,ccrystalk@earthlink.net,413,Charlton,Crystal
22,659-338-0049,fmurtyl@hao123.com,243,Farica,Murty
23,933-749-7535,jpinnellm@cbc.ca,110,Jillian,Pinnell
24,864-585-9622,dpearminen@omniture.com,150,Debbi,Pearmine
25,616-722-4926,aweetcho@mtv.com,517,Aksel,Weetch
26,512-366-9511,tsketcherp@macromedia.com,450,Tedi,Sketcher
27,217-490-3952,roldroydq@java.com,103,Rosanna,Oldroyd
28,555-883-2536,fkarolyir@biblegateway.com,107,Fanni,Karolyi
29,294-515-6439,jmarchents@prweb.com,427,Jamie,Marchent
30,360-779-6841,pwhittat@blinklist.com,81,Prudi,Whitta
31,726-373-2664,kgilsthorpeu@umich.edu,111,Karee,Gilsthorpe
32,854-790-4632,hoenev@wp.com,537,Helen,Oene
33,319-406-6419,vmintow@slate.com,529,Vincenz,Minto
34,396-474-2915,igerrietx@trellian.com,311,Ibbie,Gerriet
35,865-465-6030,jwillsony@digg.com,380,Jobye,Willson
36,382-372-0637,hdimsdalez@github.io,292,Hayley,Dimsdale
37,579-951-1794,cbertlin10@twitter.com,191,Candace,Bertlin
38,514-231-5683,rcrammy11@oracle.com,111,Roby,Crammy
39,446-337-5722,cquail12@oakley.com,278,Cristine,Quail
40,891-241-5092,kcanton13@baidu.com,204,Keriann,Canton
41,399-100-6011,esuggate14@list-manage.com,267,Eddie,Suggate
42,172-419-0346,eantwis15@wunderground.com,98,Evania,Antwis
43,,kpeasegood16@noaa.gov,356,Khalil,Peasegood
44,292-463-3515,atipens17@ebay.com,278,Alexandra,Tipens
45,445-120-2338,ldomel18@gnu.org,222,Luce,Domel
46,215-689-2599,aleaf19@mysql.com,240,Alejandrina,Leaf
47,705-418-0426,iosselton1a@smugmug.com,460,Ivan,Osselton
48,446-215-1310,ciddins1b@intel.com,127,Cesare,Iddins
49,366-661-9193,astilgoe1c@cdc.gov,78,Alidia,Stilgoe
50,859-611-7768,rmamwell1d@privacy.gov.au,36,Roshelle,Mamwell
51,230-854-0493,lkeady1e@ft.com,250,Laurens,Keady
52,309-252-4313,gmorriarty1f@google.es,184,Grazia,Morriarty
53,897-778-3717,kcansdell1g@yandex.ru,294,Kienan,Cansdell
54,598-601-1267,poliverpaull1h@nhs.uk,239,Pier,Oliver-Paull
55,309-786-0696,lcoomer1i@domainmarket.com,371,Levy,Coomer
56,794-889-6929,hbiswell1j@jimdo.com,128,Homer,Biswell
57,808-299-5429,elancashire1k@goo.ne.jp,214,Ellene,Lancashire
58,617-716-0670,aaizikowitz1l@feedburner.com,44,Abby,Aizikowitz
59,308-446-3194,nbuttrum1m@un.org,133,Nicol,Buttrum
60,101-950-9010,lpaprotny1n@ebay.com,423,Lisabeth,Paprotny
61,661-534-8612,fmordin1o@microsoft.com,373,Far,Mordin
62,787-993-6402,aeplett1p@barnesandnoble.com,329,Anna-diane,Eplett
63,635-297-0919,glaurens1q@salon.com,63,Gloriane,Laurens
64,874-841-8524,xlivoir1r@studiopress.com,183,Xylia,Livoir
65,941-222-2826,apranger1s@mozilla.com,530,Ardelis,Pranger
66,802-399-2407,kaldersley1t@topsy.com,22,Kandace,Aldersley
67,119-131-8482,sdragge1u@chicagotribune.com,249,Silvain,Dragge
68,,etothacot1v@networkadvertising.org,285,Ermengarde,Tothacot
69,213-507-0476,aamiable1w@dell.com,401,Anita,Amiable
70,491-807-1721,ecommuzzo1x@deliciousdays.com,415,Ebony,Commuzzo
71,510-507-9442,jdunthorn1y@scientificamerican.com,353,Joyann,Dunthorn
72,808-977-7229,braven1z@usnews.com,430,Bea,Raven
73,393-182-2705,bmacneilley20@phoca.cz,138,Bert,MacNeilley
74,284-771-8952,jmarham21@infoseek.co.jp,302,Jodie,Marham
75,833-666-6910,wplunkett22@smh.com.au,396,Whitman,Plunkett
76,722-530-6720,cfydo23@yahoo.com,446,Chauncey,Fydo
77,516-514-6149,msouthon24@printfriendly.com,526,Melva,Southon
78,416-193-4947,kworsam25@senate.gov,22,Kerwin,Worsam
79,812-276-5783,rsandyford26@webeden.co.uk,315,Rubina,Sandyford
80,770-911-8819,amilverton27@weebly.com,434,Aubine,Milverton
81,539-111-1235,dfenelon28@huffingtonpost.com,493,Davie,Fenelon
82,571-979-4684,promagnosi29@whitehouse.gov,504,Pablo,Romagnosi
83,204-388-4076,nbloodworthe2a@sbwire.com,123,Nicholas,Bloodworthe
84,713-640-1513,shillatt2b@cmu.edu,125,Serena,Hillatt
85,552-154-6189,ayerill2c@thetimes.co.uk,217,Agnese,Yerill
86,309-832-2853,sperrins2d@bigcartel.com,168,Sebastien,Perrins
87,643-162-0831,agleadhell2e@ihg.com,242,Alwin,Gleadhell
88,910-472-8062,ghazeldean2f@meetup.com,202,Goldia,Hazeldean
89,397-653-8314,palloway2g@over-blog.com,315,Porty,Alloway
90,510-523-5110,snewdick2h@hostgator.com,161,Schuyler,Newdick
91,339-774-0687,dboobier2i@earthlink.net,178,Dante,Boobier
92,135-784-5919,dgodly2j@japanpost.jp,237,Danielle,Godly
93,155-549-7041,wquakley2k@surveymonkey.com,94,Wally,Quakley
94,259-663-4504,npurslow2l@dailymotion.com,304,Nady,Purslow
95,552-177-2348,spowling2m@uol.com.br,417,Shandee,Powling
96,702-280-6293,sdomnick2n@webnode.com,332,Sibbie,Domnick
97,951-671-4931,dfley2o@nationalgeographic.com,342,Derril,Fley
98,855-201-3353,aroundtree2p@hubpages.com,429,Alexandro,Roundtree
99,936-875-8463,khayley2q@huffingtonpost.com,490,Katinka,Hayley
100,708-119-8068,lcorish2r@nationalgeographic.com,168,Lynn,Corish
101,702-139-4062,egoodlud2s@amazonaws.com,232,Egbert,Goodlud
102,294-598-7821,pmathieu2t@sohu.com,112,Pearle,Mathieu
103,422-842-2692,celvey2u@mapquest.com,462,Catie,Elvey
104,701-522-2615,byakovliv2v@phpbb.com,67,Bettina,Yakovliv
105,239-655-6571,aglassman2w@drupal.org,86,Amii,Glassman
106,391-235-1214,eharce2x@nhs.uk,542,Elvira,Harce
107,550-990-1971,franyard2y@reference.com,350,Felecia,Ranyard
108,746-742-7269,hkalderon2z@ucoz.ru,10,Hyacintha,Kalderon
109,566-308-1346,rmacfaell30@umich.edu,302,Ritchie,MacFaell
110,743-494-1078,creily31@amazonaws.com,516,Calida,Reily
111,771-101-0078,gbuddle32@eventbrite.com,52,Grace,Buddle
112,405-775-7212,cvials33@bravesites.com,411,Cherilyn,Vials
113,433-583-6773,jlakeman34@nymag.com,331,Joby,Lakeman
114,487-200-6042,nthomassen35@deliciousdays.com,191,Normy,Thomassen
115,963-949-3483,okopfer36@networksolutions.com,312,Odette,Kopfer
116,867-702-3573,scrowdson37@oracle.com,46,Shirline,Crowdson
117,428-856-5845,gcorhard38@friendfeed.com,388,Gearard,Corhard
118,330-941-6310,dcoghill39@odnoklassniki.ru,76,Daryl,Coghill
119,648-415-5472,nlean3a@reuters.com,249,Neile,Lean
120,102-282-9725,manthon3b@furl.net,519,Martie,Anthon
121,470-916-9453,fewbanche3c@meetup.com,91,Fitzgerald,Ewbanche
122,445-560-9070,jtulleth3d@surveymonkey.com,113,Jeannine,Tulleth
123,888-214-0108,tfancourt3e@skype.com,543,Tate,Fancourt
124,740-397-1219,cstiffkins3f@cdc.gov,219,Cheryl,Stiffkins
125,332-568-0688,mcottam3g@imageshack.us,241,Manda,Cottam
126,702-186-3901,mwalbrun3h@answers.com,230,Minette,Walbrun
127,426-104-2121,kledekker3i@hp.com,470,Kinnie,Ledekker
128,761-285-2535,smcian3j@ovh.net,272,Stearne,McIan
129,412-136-6176,cbonsale3k@last.fm,130,Christina,Bonsale
130,822-313-5870,gskarr3l@sina.com.cn,340,Giulietta,Skarr
131,501-371-1911,esitwell3m@dailymotion.com,408,Ethel,Sitwell
132,744-341-0120,ecainey3n@springer.com,170,Edgard,Cainey
133,706-428-4075,cboynton3o@reuters.com,430,Ced,Boynton
134,429-840-3194,nyakuntzov3p@hud.gov,370,Noe,Yakuntzov
135,192-648-0411,kverick3q@cpanel.net,83,Kassi,Verick
136,561-366-0205,jdallemore3r@simplemachines.org,406,Juditha,Dallemore
137,730-888-0872,aceaplen3s@google.co.jp,240,Adan,Ceaplen
138,101-386-9650,ogosnall3t@jigsy.com,98,Onida,Gosnall
139,916-195-6262,lsaiger3u@thetimes.co.uk,187,Lyle,Saiger
140,353-209-7382,rbrierley3v@4shared.com,406,Randolph,Brierley
141,908-826-6803,esterley3w@jalbum.net,387,Ervin,Sterley
142,413-951-2611,pmynott3x@rediff.com,371,Pebrook,Mynott
143,453-499-2828,epurse3y@wufoo.com,482,Em,Purse
144,377-997-7395,dglading3z@huffingtonpost.com,384,Davidde,Glading
145,317-687-8625,ocamelli40@de.vu,199,Orv,Camelli
146,818-706-4769,adelort41@so-net.ne.jp,29,Arabela,Delort
147,908-709-8398,ctolworthy42@discovery.com,202,Christian,Tolworthy
148,194-347-5027,pbrecknell43@list-manage.com,538,Paula,Brecknell
149,255-364-5122,omagrannell44@tuttocitta.it,397,Orton,Magrannell
150,392-376-5627,anote45@forbes.com,190,Anabal,Note
151,552-969-5489,bbodimeade46@storify.com,366,Betta,Bodimeade
152,245-385-0364,smapson47@constantcontact.com,310,Shara,Mapson
153,108-157-8477,idufaur48@macromedia.com,359,Issy,Dufaur
154,926-423-4953,atutin49@odnoklassniki.ru,435,Andreas,Tutin
155,982-252-4154,arapport4a@arstechnica.com,535,Anjela,Rapport
156,337-747-2718,cblind4b@deliciousdays.com,170,Constancia,Blind
157,881-265-2225,mgoold4c@squarespace.com,230,Marilyn,Goold
158,426-465-9018,sstellman4d@tinyurl.com,144,Salomi,Stellman
159,299-640-8934,etwigger4e@npr.org,101,Elisabet,Twigger
160,425-772-3489,wloosemore4f@epa.gov,253,Wheeler,Loosemore
161,528-463-6283,lennals4g@nationalgeographic.com,363,Lisha,Ennals
162,625-998-7327,ghoggan4h@mapquest.com,315,Gillie,Hoggan
163,411-271-0968,dpedycan4i@ycombinator.com,65,Davis,Pedycan
164,809-372-9203,lbason4j@edublogs.org,193,Laverne,Bason
165,695-429-9643,focanavan4k@sciencedirect.com,94,Frazier,O'Canavan
166,512-642-7426,gkirkham4l@weibo.com,434,Gwenny,Kirkham
167,975-296-9642,thollingby4m@scientificamerican.com,38,Tedie,Hollingby
168,814-336-6083,mtrowel4n@chicagotribune.com,305,Merissa,Trowel
169,906-617-1441,ptargetter4o@hud.gov,405,Perkin,Targetter
170,609-363-1395,dmarunchak4p@slashdot.org,438,Darcy,Marunchak
171,637-875-4444,csliman4q@canalblog.com,16,Ceil,Sliman
172,,chellmer4r@ovh.net,292,Chere,Hellmer
173,862-435-4088,eburrus4s@tripadvisor.com,139,Elonore,Burrus
174,544-433-2636,epencot4t@mozilla.com,474,Elston,Pencot
175,868-991-5651,dfrean4u@last.fm,138,Dorisa,Frean
176,262-825-6254,jyaus4v@time.com,175,Joycelin,Yaus
177,578-845-6826,ldebruijn4w@tripadvisor.com,19,Laverne,De Bruijn
178,295-611-8296,jelcomb4x@opera.com,185,Justis,Elcomb
179,707-726-9936,dlidyard4y@loc.gov,350,Dare,Lidyard
180,308-744-7395,nhanson4z@shinystat.com,141,Nelli,Hanson
181,430-774-1346,bstorm50@parallels.com,210,Becka,Storm
182,606-893-7640,glegrove51@unblog.fr,182,George,Le Grove
183,453-378-7202,skingsly52@lulu.com,184,Sophronia,Kingsly
184,556-959-7826,ccooke53@bloomberg.com,320,Chaddie,Cooke
185,769-250-8881,dnaulls54@drupal.org,293,Dilan,Naulls
186,529-837-7036,cbatchan55@jimdo.com,382,Cissiee,Batchan
187,840-852-4292,dcarrick56@epa.gov,104,Duff,Carrick
188,327-410-2786,akordt57@alexa.com,187,Anna-diana,Kordt
189,133-885-3125,amatveichev58@nbcnews.com,12,Aggie,Matveichev
190,923-763-7130,hcordero59@engadget.com,23,Hailey,Cordero
191,206-312-6790,sgosforth5a@4shared.com,268,Stephanie,Gosforth
192,499-959-7912,gbartholomaus5b@ameblo.jp,539,Gabriellia,Bartholomaus
193,995-323-7714,tetridge5c@joomla.org,533,Tymothy,Etridge
194,177-927-9646,czukierman5d@163.com,460,Collen,Zukierman
195,890-631-5056,awemes5e@va.gov,169,Addy,Wemes
196,948-240-7509,hsolley5f@paginegialle.it,165,Hadlee,Solley
197,547-330-0760,mslade5g@creativecommons.org,174,Margarita,Slade
198,,cwaterstone5h@arstechnica.com,422,Clerc,Waterstone
199,258-477-1220,mearly5i@google.de,543,Merwin,Early
200,568-665-7116,kdran5j@bigcartel.com,92,Koren,Dran
201,869-383-3203,gdixcey5k@mapy.cz,135,Gertrudis,Dixcey
202,318-962-5033,jdoyley5l@tmall.com,499,Jerrilyn,D'Oyley
203,375-970-9218,garthey5m@cmu.edu,66,Gallard,Arthey
204,525-587-9567,bpeedell5n@plala.or.jp,523,Bethina,Peedell
205,179-586-1730,jcordelette5o@smugmug.com,433,Jed,Cordelette
206,916-101-6599,kdunkerton5p@so-net.ne.jp,64,Katharine,Dunkerton
207,679-312-3028,kclulee5q@woothemes.com,270,Kassandra,Clulee
208,177-181-9503,blumm5r@arstechnica.com,32,Beniamino,Lumm
209,229-734-8116,madrain5s@freewebs.com,456,Milty,Adrain
210,817-772-6162,kdymidowicz5t@cbc.ca,105,Katuscha,Dymidowicz
211,912-770-7970,awhotton5u@photobucket.com,104,Addi,Whotton
212,104-880-6303,bbesset5v@uol.com.br,179,Benjie,Besset
213,442-469-8847,fhylton5w@unc.edu,392,Felicdad,Hylton
214,866-535-9985,ftring5x@privacy.gov.au,448,Francesco,Tring
215,921-664-0243,jrenon5y@joomla.org,26,Jenny,Renon
216,787-638-0451,dfasler5z@delicious.com,143,Didi,Fasler
217,896-999-2177,gdiviney60@wikimedia.org,484,Gregory,Diviney
218,240-391-7577,dconisbee61@smh.com.au,174,Dyane,Conisbee
219,767-542-6169,pcreboe62@timesonline.co.uk,114,Perice,Creboe
220,369-143-7806,meadie63@dedecms.com,45,Merridie,Eadie
221,393-305-8072,nwein64@liveinternet.ru,165,Nefen,Wein
222,960-870-2896,mgiveen65@scribd.com,59,Melodee,Giveen
223,589-888-2372,ibeadle66@bloglovin.com,257,Ina,Beadle
224,362-513-6169,dmcduffy67@sohu.com,55,Dosi,McDuffy
225,887-747-0615,fgussin68@nih.gov,488,Fifine,Gussin
226,193-953-9754,hsuarez69@biglobe.ne.jp,220,Hannah,Suarez
227,899-650-0192,wlewsley6a@youtu.be,276,Wendall,Lewsley
228,685-441-3839,tdutton6b@hugedomains.com,466,Tatiana,Dutton
229,674-891-7409,hgooderick6c@deliciousdays.com,372,Helge,Gooderick
230,900-118-3482,smckeown6d@gov.uk,74,Sapphira,McKeown
231,353-764-7551,aculmer6e@utexas.edu,178,Aimee,Culmer
232,777-791-9862,tmilmith6f@hibu.com,384,Tomi,Milmith
233,739-390-1613,lyakovlev6g@wordpress.org,481,Lucille,Yakovlev
234,641-614-4790,hdyzart6h@stumbleupon.com,321,Haleigh,Dyzart
235,914-587-7167,thallows6i@japanpost.jp,229,Thurstan,Hallows
236,902-297-8747,bwallbutton6j@amazon.de,19,Benito,Wallbutton
237,247-889-7831,koldey6k@homestead.com,101,Kaspar,oldey
238,359-711-9025,bmucci6l@about.me,45,Brit,Mucci
239,819-963-2603,bdallin6m@google.co.jp,154,Brittany,Dallin
240,477-256-2299,cswinburn6n@state.tx.us,346,Clayborn,Swinburn
241,199-159-3895,msouthernwood6o@marketwatch.com,140,Marjorie,Southernwood
242,571-571-5961,dlaw6p@narod.ru,403,Durant,Law
243,823-964-0386,iapplewhite6q@google.pl,36,Ingunna,Applewhite
244,824-283-3457,psprosson6r@ox.ac.uk,504,Paul,Sprosson
245,424-453-9653,agilcriest6s@auda.org.au,185,Archibold,Gilcriest
246,804-787-2258,lasty6t@furl.net,467,Lydie,Asty
247,356-644-0900,aguarin6u@webs.com,379,Averill,Guarin
248,845-295-7332,dgamet6v@va.gov,470,Dallon,Gamet
249,214-999-7759,rbohje6w@marriott.com,23,Ragnar,Bohje
250,466-364-6392,dhub6x@time.com,464,Dietrich,Hub
251,292-233-0915,rrounsivall6y@barnesandnoble.com,149,Reilly,Rounsivall
252,621-596-4590,mcollumbine6z@flavors.me,300,Marylin,Collumbine
253,806-138-6620,rpaternoster70@google.co.jp,241,Reggie,Paternoster
254,954-459-6065,bschofield71@imdb.com,28,Benedikt,Schofield
255,434-625-8994,tfernyhough72@mapy.cz,464,Tamarah,Fernyhough
256,692-577-7054,dcomrie73@desdev.cn,308,Daveen,Comrie
257,526-787-7859,lmoizer74@rakuten.co.jp,245,Lorrie,Moizer
258,970-627-8219,hwelbelove75@cbc.ca,205,Hersch,Welbelove
259,909-680-5027,jschofield76@virginia.edu,260,Jorge,Schofield
260,312-695-0646,fcartmail77@guardian.co.uk,243,Francene,Cartmail
261,826-914-7992,astrasse78@stumbleupon.com,269,Ad,Strasse
262,332-590-6350,dmeasom79@nytimes.com,94,Devlin,Measom
263,924-150-1023,laaronson7a@qq.com,122,Leandra,Aaronson
264,609-149-5029,cmulrean7b@hugedomains.com,105,Cory,Mulrean
265,312-186-0485,tbransby7c@privacy.gov.au,394,Tiffany,Bransby
266,320-656-7050,ddarkin7d@skyrock.com,403,Duane,Darkin
267,844-592-0141,lklaaassen7e@gizmodo.com,516,Lucas,Klaaassen
268,736-788-9310,cbotcherby7f@g.co,454,Clarke,Botcherby
269,123-665-0519,qangless7g@google.co.uk,539,Quincey,Angless
270,991-227-5153,aburcher7h@csmonitor.com,381,Ann,Burcher
271,899-328-2964,hmcalroy7i@skype.com,252,Hebert,McAlroy
272,163-343-8169,maldrin7j@ask.com,78,Marje,Aldrin
273,657-759-4566,bkirimaa7k@vinaora.com,454,Bobbette,Kirimaa
274,213-439-9983,ehallbord7l@google.cn,250,Eadmund,Hallbord
275,826-502-2655,vscirman7m@alibaba.com,356,Virgina,Scirman
276,618-114-5987,nnoblet7n@ovh.net,433,Noella,Noblet
277,363-177-1518,tpepis7o@spiegel.de,414,Tailor,Pepis
278,372-178-6468,ddomel7p@behance.net,441,Danyette,Domel
279,363-219-4271,jcattow7q@phoca.cz,375,Joell,Cattow
280,318-231-3572,mdelaprelle7r@va.gov,47,Mufi,Delaprelle
281,553-392-8731,bkinworthy7s@github.io,418,Blaire,Kinworthy
282,796-666-7913,ohubbucks7t@yahoo.co.jp,241,Ottilie,Hubbucks
283,591-897-0250,adyche7u@tuttocitta.it,208,Armand,Dyche
284,569-921-6818,tbrowncey7v@cbslocal.com,437,Tammy,Browncey
285,228-832-7312,gschutte7w@cam.ac.uk,548,Gordon,Schutte
286,524-370-4648,pgarnall7x@unc.edu,451,Philis,Garnall
287,317-355-8632,jmepham7y@globo.com,147,Jo-anne,Mepham
288,209-486-9113,acosgrive7z@ycombinator.com,318,Arri,Cosgrive
289,197-570-4215,wcastelletti80@reddit.com,58,Wesley,Castelletti
290,797-468-7165,kwavish81@amazonaws.com,382,Karmen,Wavish
291,877-486-5294,acaulcott82@delicious.com,198,Annadiana,Caulcott
292,778-401-8207,ukimbling83@shareasale.com,545,Urbano,Kimbling
293,127-260-5198,nlindsley84@state.gov,511,Norah,Lindsley
294,641-516-2143,wfitter85@rambler.ru,489,Walliw,Fitter
295,397-481-5753,mpierton86@wordpress.com,265,Mylo,Pierton
296,156-800-9095,cmaith87@google.nl,464,Colleen,Maith
297,287-916-7243,npettingill88@ow.ly,494,Netti,Pettingill
298,271-679-6982,jrabson89@reuters.com,348,Juieta,Rabson
299,152-219-6012,rbushe8a@mysql.com,548,Rodge,Bushe
300,509-508-1977,clindmark8b@google.cn,322,Corbett,Lindmark
301,791-130-5781,vioannidis8c@reddit.com,495,Valle,Ioannidis
302,580-999-8987,kloche8d@dagondesign.com,269,Karna,Loche
303,749-523-1374,uarmour8e@usatoday.com,165,Ulrich,Armour
304,351-386-0896,cpfiffer8f@plala.or.jp,404,Claiborn,Pfiffer
305,474-855-7674,gjakeway8g@tinypic.com,246,Gunter,Jakeway
306,285-929-2868,dnote8h@github.io,477,Darbie,Note
307,342-586-6613,kcrampsey8i@lulu.com,249,Katrina,Crampsey
308,408-774-7509,anyland8j@discovery.com,545,Addi,Nyland
309,912-712-2611,mrisso8k@wikispaces.com,531,Malva,Risso
310,874-955-6892,wcatling8l@theguardian.com,441,Wenonah,Catling
311,297-348-0631,peddicott8m@trellian.com,354,Patty,Eddicott
312,733-663-6904,ipepperrall8n@yahoo.com,346,Ianthe,Pepperrall
313,265-100-7458,ncatanheira8o@oakley.com,324,Nikoletta,Catanheira
314,810-804-6771,ctwatt8p@arstechnica.com,57,Carolyn,Twatt
315,496-258-3040,idomanski8q@icio.us,40,Ileane,Domanski
316,142-648-7902,acapponeer8r@telegraph.co.uk,418,Ammamaria,Capponeer
317,496-459-6182,emannix8s@ocn.ne.jp,154,Erek,Mannix
318,803-282-8207,jiacobini8t@loc.gov,443,Judah,Iacobini
319,100-105-6437,hjowers8u@naver.com,135,Heindrick,Jowers
320,371-891-0629,sivancevic8v@howstuffworks.com,280,Shannan,Ivancevic
321,998-413-9002,kyitzovicz8w@nymag.com,453,Katine,Yitzovicz
322,247-124-8831,aculpin8x@cloudflare.com,170,Allina,Culpin
323,800-655-6511,lwainscoat8y@ibm.com,422,Leyla,Wainscoat
324,564-155-4869,bdey8z@webs.com,534,Batsheva,Dey
325,933-793-2574,cgeroldo90@exblog.jp,30,Catharina,Geroldo
326,484-660-0845,hcarass91@tripadvisor.com,406,Holli,Carass
327,982-968-4465,rsilkston92@list-manage.com,79,Renata,Silkston
328,129-578-9454,oliebermann93@stumbleupon.com,260,Orelee,Liebermann
329,886-338-3331,csummerbell94@ox.ac.uk,213,Carlota,Summerbell
330,603-587-8885,dmilley95@live.com,263,Debbie,Milley
331,863-535-7011,plively96@webnode.com,511,Prinz,Lively
332,312-809-4997,iwarby97@mlb.com,314,Izaak,Warby
333,641-221-5734,lraraty98@squidoo.com,281,Lammond,Raraty
334,140-653-4224,lbentley99@weibo.com,544,Laurel,Bentley
335,566-557-4058,thaseman9a@google.ca,132,Tamar,Haseman
336,981-217-6192,sdigiacomo9b@yahoo.com,546,Sayre,Di Giacomo
337,994-364-2556,pguidini9c@blogspot.com,474,Pierson,Guidini
338,718-370-6872,etrood9d@tmall.com,76,Edin,Trood
339,326-602-6636,apiniur9e@cyberchimps.com,188,Alvy,Piniur
340,560-398-4703,ofullwood9f@biblegateway.com,211,Othilia,Fullwood
341,550-432-4464,bloeber9g@g.co,331,Baryram,Loeber
342,111-634-5142,kandrivel9h@newyorker.com,478,Katerina,Andrivel
343,344-645-9500,ebortolussi9i@youku.com,373,Ethan,Bortolussi
344,175-774-9519,mgideon9j@illinois.edu,106,Marylin,Gideon
345,336-126-8563,tstafford9k@fda.gov,21,Tildi,Stafford
346,852-473-2067,lhoonahan9l@indiatimes.com,105,Launce,Hoonahan
347,191-870-1815,vroderham9m@merriam-webster.com,237,Valle,Roderham
348,966-825-5631,daizikovich9n@eventbrite.com,506,Dorelle,Aizikovich
349,168-523-2670,leckert9o@pcworld.com,470,Laverne,Eckert
350,408-765-2032,zmorlon9p@linkedin.com,456,Zelma,Morlon
351,864-583-1995,gsapey9q@harvard.edu,3,Gustavus,Sapey
352,593-389-5925,abouchier9r@google.nl,167,Ardisj,Bouchier
353,371-273-4204,rlorenzin9s@a8.net,467,Robena,Lorenzin
354,646-717-6559,zquinnette9t@example.com,67,Zacharie,Quinnette
355,683-675-7295,dliles9u@alexa.com,260,Danila,Liles
356,698-473-8466,rwhiston9v@mysql.com,508,Rochette,Whiston
357,740-771-5770,kcossans9w@unblog.fr,325,Kerby,Cossans
358,727-285-8622,abraunstein9x@yelp.com,246,Akim,Braunstein
359,741-573-3695,gmea9y@jigsy.com,73,Gannon,Mea
360,468-461-2519,lpiotrowski9z@si.edu,306,Lulu,Piotrowski
361,974-785-9911,ephythiana0@google.co.jp,304,Estrellita,Phythian
362,741-867-2689,cstenneta1@oaic.gov.au,453,Caye,Stennet
363,,akealeya2@posterous.com,189,Ara,Kealey
364,518-312-7551,falbrookea3@columbia.edu,164,Fayth,Albrooke
365,922-422-9910,btimsa4@multiply.com,350,Belita,Tims
366,293-476-2324,kzanninia5@cpanel.net,415,Kissiah,Zannini
367,729-539-6963,rwyelda6@va.gov,121,Rafferty,Wyeld
368,152-525-2868,dvaulkharda7@weather.com,237,Dione,Vaulkhard
369,247-382-1169,gevereda8@constantcontact.com,105,Gretal,Evered
370,545-668-7097,fjellicoa9@rambler.ru,40,Fred,Jellico
371,176-333-0580,mgronaveraa@cafepress.com,96,Mariya,Gronaver
372,353-359-2506,kczaplaab@tinyurl.com,114,Kelly,Czapla
373,667-376-7057,fcolliholeac@umich.edu,178,Felic,Collihole
374,287-509-4048,fwohlerad@merriam-webster.com,87,Florie,Wohler
375,,helstowae@cloudflare.com,325,Horace,Elstow
376,884-892-3461,amarklaf@dailymotion.com,2,Alexi,Markl
377,459-485-1010,vclaypoolag@statcounter.com,330,Vi,Claypool
378,402-948-9055,gbiertonah@techcrunch.com,117,Gregg,Bierton
379,702-706-7925,aswaylandai@odnoklassniki.ru,375,Anabel,Swayland
380,951-264-5219,jpietruszkaaj@delicious.com,260,Jethro,Pietruszka
381,241-952-9024,tdrainak@house.gov,130,Trista,Drain
382,857-938-1555,lmedleral@sogou.com,31,Lucho,Medler
383,964-977-8483,tquadrioam@dyndns.org,64,Terry,Quadrio
384,188-646-3491,rvandenboschan@nasa.gov,27,Rozamond,Van den Bosch
385,891-567-7551,phosbyao@plala.or.jp,375,Prent,Hosby
386,630-819-2054,aissacovap@toplist.cz,92,Arron,Issacov
387,854-120-6489,rmclagainaq@eventbrite.com,458,Rollins,McLagain
388,637-738-4183,grockliffear@technorati.com,307,Georgi,Rockliffe
389,814-678-8278,ebraunteras@ocn.ne.jp,508,Ealasaid,Braunter
390,296-709-3784,wsilmanat@ft.com,142,Wilona,Silman
391,280-319-7625,abrabbenau@amazonaws.com,364,Ashlen,Brabben
392,211-503-6076,sstonehewerav@rediff.com,89,Shirline,Stonehewer
393,807-471-5592,fhallifaxaw@amazon.com,206,Fern,Hallifax
394,640-739-4784,tsimcoeax@ning.com,319,Tamas,Simcoe
395,641-928-4003,fdeaveay@sogou.com,375,Floria,Deave
396,583-131-3434,rrobertshawaz@businessinsider.com,340,Robinson,Robertshaw
397,175-398-4614,flockartb0@t.co,521,Felicia,Lockart
398,621-989-0165,vharriskineb1@xing.com,445,Vivyan,Harriskine
399,195-575-7806,kgoodwellb2@fema.gov,201,Krystalle,Goodwell
400,696-897-0714,thinzerb3@hp.com,292,Terrye,Hinzer
401,783-967-5354,sflaggb4@harvard.edu,233,Shana,Flagg
402,837-357-2832,odeathridgeb5@washingtonpost.com,266,Olimpia,Deathridge
403,164-406-6251,htoffolob6@addthis.com,81,Hanan,Toffolo
404,648-560-6383,ncowndenb7@photobucket.com,303,Nico,Cownden
405,590-502-9524,nszachb8@pinterest.com,259,Nikoletta,Szach
406,,cfoulgerb9@nature.com,274,Cassy,Foulger
407,281-996-6046,mmandelba@naver.com,48,Madelyn,Mandel
408,742-478-9222,seilhartbb@twitpic.com,412,Salaidh,Eilhart
409,872-633-9234,dscarmanbc@gov.uk,244,Dita,Scarman
410,180-555-2543,cfraschinibd@dmoz.org,155,Chrotoem,Fraschini
411,,dayshfordbe@etsy.com,404,Dorrie,Ayshford
412,,ebruggerbf@china.com.cn,244,Enrique,Brugger
413,962-359-8921,nbrasherbg@barnesandnoble.com,406,Noel,Brasher
414,882-291-1829,ehurdmanbh@cbslocal.com,506,Essie,Hurdman
415,454-427-2907,rguicebi@artisteer.com,329,Rhianon,Guice
416,426-316-1587,neskrickbj@scribd.com,276,North,Eskrick
417,,jnoakesbk@blinklist.com,369,Jasmina,Noakes
418,888-407-2953,cbrugmannbl@google.com.hk,236,Christabel,Brugmann
419,212-296-8035,tnovacekbm@admin.ch,484,Tatum,Novacek
420,454-444-9548,cdunbobinbn@twitter.com,42,Caritta,Dunbobin
421,430-398-6336,msaffellbo@360.cn,290,Mikey,Saffell
422,481-499-1411,tleadbitterbp@usda.gov,251,Talbert,Leadbitter
423,427-315-7927,ncalderbankbq@51.la,245,Nev,Calderbank
424,262-259-6531,mwoffendenbr@disqus.com,228,Mord,Woffenden
425,725-921-0872,dclemensbs@feedburner.com,283,Dilly,Clemens
426,423-831-3778,bfalkinghambt@artisteer.com,52,Bobbee,Falkingham
427,233-310-2503,lvickerybu@github.com,403,Laraine,Vickery
428,176-263-0585,dfilipovicbv@ezinearticles.com,396,Derk,Filipovic
429,420-223-6789,cwoofendenbw@admin.ch,127,Cy,Woofenden
430,931-926-4362,dchapplebx@cornell.edu,320,Daryl,Chapple
431,748-129-2378,arashleighby@newyorker.com,201,Armstrong,Rashleigh
432,236-800-0085,mcaughanbz@printfriendly.com,519,Meggi,Caughan
433,406-224-2974,adupreec0@xrea.com,437,Aridatha,Dupree
434,,jcauleyc1@eventbrite.com,412,Jase,Cauley
435,391-135-0333,nodreainc2@cornell.edu,476,Nariko,O'Dreain
436,192-331-6428,iavramovc3@tuttocitta.it,531,Iormina,Avramov
437,634-521-6313,bzelnerc4@prlog.org,134,Bryanty,Zelner
438,235-358-5843,lbriantc5@bloglovin.com,372,Lillian,Briant
439,934-926-7230,adranfieldc6@si.edu,411,Al,Dranfield
440,935-236-9146,tmauchlenc7@netlog.com,511,Timmie,Mauchlen
441,614-478-3163,klinacrec8@vk.com,277,Karissa,Linacre
442,965-831-0276,uhallerc9@bizjournals.com,331,Ulric,Haller
443,461-158-9151,hsandellca@squidoo.com,446,Hartley,Sandell
444,127-271-1577,asenncb@wikipedia.org,477,Ardelis,Senn
445,973-998-9852,vfilkincc@home.pl,395,Vinny,Filkin
446,917-292-0182,bmapescd@elpais.com,63,Bald,Mapes
447,458-898-0819,dnassice@netlog.com,72,Deb,Nassi
448,268-127-2336,asizecf@uiuc.edu,6,Almeda,Size
449,164-383-5772,tvasilchikovcg@columbia.edu,157,Tiff,Vasilchikov
450,989-153-4307,mbucklerch@ted.com,92,Major,Buckler
451,462-543-9765,rrykertci@bizjournals.com,525,Romola,Rykert
452,514-109-0340,creinbechcj@squarespace.com,329,Celestyna,Reinbech
453,248-609-6096,sjakelck@joomla.org,322,Steven,Jakel
454,831-242-9895,dmaxworthycl@nih.gov,248,Darrelle,Maxworthy
455,597-277-8320,rgajownikcm@kickstarter.com,447,Rochester,Gajownik
456,436-934-1066,fheartcn@economist.com,81,Free,Heart
457,463-724-6044,fchableco@ycombinator.com,419,Frazer,Chable
458,556-967-5056,tbriscoecp@symantec.com,316,Theadora,Briscoe
459,516-185-8869,chubbercq@themeforest.net,427,Callida,Hubber
460,268-995-5397,shambycr@cbslocal.com,9,Sawyer,Hamby
461,129-636-6924,gscoullercs@archive.org,344,Gwendolen,Scouller
462,368-560-2895,yparisoct@weather.com,217,Yardley,Pariso
463,,spitneycu@cpanel.net,142,Stephani,Pitney
464,640-436-1939,mflukescv@berkeley.edu,497,Matthias,Flukes
465,222-991-6270,gfrancescuzzicw@house.gov,219,Guillema,Francescuzzi
466,187-593-1601,fcowitzcx@zdnet.com,181,Friedrick,Cowitz
467,370-902-0922,tbodycy@wikimedia.org,527,Tory,Body
468,390-443-0065,hpoguecz@usda.gov,235,Harriette,Pogue
469,651-960-2746,aricartd0@eepurl.com,191,Abbe,Ricart
470,767-551-2092,djentzschd1@github.com,111,Dannye,Jentzsch
471,304-297-2891,iaisbettd2@cbc.ca,218,Ivory,Aisbett
472,888-357-3920,cbrimleyd3@cafepress.com,118,Caroline,Brimley
473,944-184-8975,fkemsleyd4@cyberchimps.com,540,Fonsie,Kemsley
474,649-764-3782,akirwand5@guardian.co.uk,275,Abagail,Kirwan
475,372-763-8490,mcolld6@hatena.ne.jp,170,Meryl,Coll
476,232-504-3608,ccrasked7@cisco.com,21,Cal,Craske
477,927-785-4609,cbakeupd8@1und1.de,190,Cherey,Bakeup
478,226-703-0065,pgheorghescud9@google.fr,206,Prudy,Gheorghescu
479,964-705-4299,bbelinda@wix.com,241,Benjy,Belin
480,933-863-4394,ttheobolddb@rediff.com,117,Trescha,Theobold
481,313-214-4648,smartinovicdc@webeden.co.uk,105,Shelley,Martinovic
482,221-382-5219,tcomelinidd@drupal.org,501,Taylor,Comelini
483,616-678-8244,mcardenasde@xinhuanet.com,194,Meg,Cardenas
484,121-811-0560,eblacketdf@java.com,468,Enriqueta,Blacket
485,917-762-2374,jsteblesdg@blogtalkradio.com,35,Juliann,Stebles
486,111-470-9121,mdargiedh@alibaba.com,387,Marybelle,Dargie
487,936-441-2958,ppriumdi@businessweek.com,434,Parrnell,Prium
488,551-156-8767,liddinsdj@wired.com,160,Laney,Iddins
489,326-480-9379,dtidmasdk@columbia.edu,381,Devy,Tidmas
490,999-312-5441,csanperedl@paypal.com,480,Carolee,Sanpere
491,367-742-0875,vhendersondm@dedecms.com,485,Viki,Henderson
492,360-192-0796,cchominskidn@nytimes.com,320,Carey,Chominski
493,541-710-7247,aburgherdo@pen.io,263,Amy,Burgher
494,100-548-8495,ebrewisdp@msn.com,138,Elvera,Brewis
495,202-831-7426,tclifftdq@sakura.ne.jp,453,Torin,Clifft
496,972-113-3644,hogbournedr@upenn.edu,313,Herschel,Ogbourne
497,963-579-7940,tabramskids@studiopress.com,387,Thorndike,Abramski
498,577-752-9539,jmougindt@nhs.uk,461,Jessalin,Mougin
499,754-349-7244,gcowwelldu@linkedin.com,47,Goraud,Cowwell
500,787-572-1213,ecorcutdv@ocn.ne.jp,463,Estrellita,Corcut
501,736-684-1687,vbrignelldw@sphinn.com,101,Veronika,Brignell
502,318-802-4899,bbamlettdx@feedburner.com,469,Bobina,Bamlett
503,916-138-4509,sgurdendy@google.es,283,Syman,Gurden
504,470-855-8165,gschohierdz@economist.com,250,Gerladina,Schohier
505,267-633-0301,spudneye0@ucla.edu,478,Shara,Pudney
506,229-800-4845,odunbavine1@cnbc.com,453,Opalina,Dunbavin
507,855-547-9865,bforstere2@people.com.cn,458,Brett,Forster
508,,ckibbyee3@shinystat.com,335,Cammi,Kibbye
509,261-962-3777,abouldone4@google.com.hk,308,Alfy,Bouldon
510,768-120-2117,kchurche5@businessweek.com,71,Kilian,Church
511,302-810-8253,jflethame6@ihg.com,138,Jorie,Fletham
512,943-888-5954,mstandinge7@woothemes.com,20,Martin,Standing
513,766-554-6856,ryvene8@paginegialle.it,458,Raymond,Yven
514,344-223-1872,lborelle9@i2i.jp,489,Leighton,Borell
515,265-969-2296,hcuberleyea@cpanel.net,152,Hetti,Cuberley
516,799-612-0700,phousemaneb@tiny.cc,111,Paula,Houseman
517,720-322-4734,mdigglesec@amazon.co.uk,41,Margaretha,Diggles
518,811-149-6262,tcoldbatheed@utexas.edu,321,Thayne,Coldbathe
519,505-127-8932,agreatorexee@addthis.com,228,Ailina,Greatorex
520,857-325-3511,yscrannyef@t.co,10,Yvon,Scranny
521,661-701-9328,jpeasemaneg@123-reg.co.uk,248,Johnette,Peaseman
522,302-967-8833,cbrownsilleh@fda.gov,158,Colan,Brownsill
523,158-163-5269,jblancheei@themeforest.net,328,Judy,Blanche
524,922-394-8114,omorpheyej@1688.com,57,Oliy,Morphey
525,410-646-8333,chunnamek@skyrock.com,192,Clemmy,Hunnam
526,,tcliftel@scientificamerican.com,194,Trenna,Clift
527,782-429-1037,tfullbrookem@examiner.com,253,Tiffany,Fullbrook
528,654-598-8420,cfraczkiewiczen@nydailynews.com,164,Colene,Fraczkiewicz
529,584-871-6742,aaberdeineo@tamu.edu,441,Alphonse,Aberdein
530,280-476-6548,kstendallep@comcast.net,46,Karrie,Stendall
531,108-333-6806,bklaggemaneq@auda.org.au,402,Brynn,Klaggeman
532,298-701-2795,kzorroer@nbcnews.com,452,Kelby,Zorro
533,891-450-0751,gkehoees@foxnews.com,161,Gabriella,Kehoe
534,719-855-3212,jpleweset@sbwire.com,399,Jerome,Plewes
535,892-221-2156,epaisheu@topsy.com,70,Erminie,Paish
536,115-688-4893,cpretoev@yandex.ru,400,Cassius,Preto
537,461-169-4609,elunneyew@canalblog.com,192,Emmet,Lunney
538,340-883-8277,mslowlyex@hostgator.com,316,Marcellus,Slowly
539,990-354-0632,ljurischey@istockphoto.com,457,Lissa,Jurisch
540,908-146-6205,rhydeez@51.la,195,Raffaello,Hyde
541,663-204-0955,lkieff0@about.me,281,Lothario,Kief
542,600-644-9600,ftucknottf1@i2i.jp,522,Felicle,Tucknott
543,480-605-6152,gcrokef2@omniture.com,528,Gayle,Croke
544,786-408-6741,olazonbyf3@weebly.com,82,Orbadiah,Lazonby
545,998-889-0232,ddabbesf4@dailymail.co.uk,103,Darcie,Dabbes
546,545-704-8700,oschwierf5@t-online.de,355,Olenka,Schwier
547,351-166-4928,talvaradof6@trellian.com,4,Tabby,Alvarado
548,124-577-5832,lgogganf7@digg.com,278,Lorrin,Goggan
549,865-143-7250,rwelfaref8@dropbox.com,420,Rheba,Welfare
550,644-425-7501,rasprayf9@zimbio.com,92,Romola,Aspray
551,659-504-3090,scoopeyfa@yellowbook.com,35,Suellen,Coopey
552,615-959-9539,bwassellfb@nbcnews.com,262,Bartlett,Wassell
553,707-379-9973,fwharrierfc@springer.com,454,Farly,Wharrier
554,325-176-6020,rlambertzfd@telegraph.co.uk,271,Rebekah,Lambertz
555,567-164-8829,cwalcherfe@amazon.co.jp,183,Christy,Walcher
556,711-487-9747,hkeenleysideff@livejournal.com,229,Hermann,Keenleyside
557,775-932-8098,gmacgheefg@tinypic.com,95,Genevieve,MacGhee
558,621-464-9792,hespfh@nature.com,483,Horace,Esp
559,268-878-6021,tcrossefi@gmpg.org,148,Tomkin,Crosse
560,787-329-1177,avoasfj@ucsd.edu,66,Allard,Voas
561,109-493-9878,asyphasfk@netscape.com,106,Ann,Syphas
562,794-931-9013,dalejandrefl@taobao.com,95,Dominick,Alejandre
563,696-299-6461,dmccourtiefm@dropbox.com,317,Dre,McCourtie
564,313-395-1583,uferrarafn@wordpress.org,521,Urson,Ferrara
565,896-141-7698,jhaynefo@booking.com,308,Janifer,Hayne
566,618-142-9445,bgarrattleyfp@unc.edu,373,Bernetta,Garrattley
567,711-668-7223,alowlessfq@wunderground.com,250,Artemis,Lowless
568,241-816-9314,csamweyesfr@narod.ru,314,Charil,Samweyes
569,950-863-8451,dwaggefs@ezinearticles.com,3,Donielle,Wagge
570,536-262-1183,rhinkinsft@nyu.edu,334,Rae,Hinkins
571,457-797-2611,kmatuskafu@un.org,497,Kaylil,Matuska
572,337-118-8301,acornewallfv@ihg.com,359,Aubrette,Cornewall
573,,mhesbrookfw@miibeian.gov.cn,516,Monty,Hesbrook
574,947-544-9960,dpavlenkovfx@netlog.com,512,Dino,Pavlenkov
575,944-732-6372,cwillfordfy@dropbox.com,167,Caro,Willford
576,753-498-5850,ccurmanfz@etsy.com,16,Caresse,Curman
577,628-494-6985,eklementg0@amazonaws.com,183,Emmery,Klement
578,672-136-3352,jjacklingg1@yolasite.com,478,Janie,Jackling
579,137-585-0164,bodeorang2@mlb.com,294,Bartram,O'Deoran
580,271-520-8742,sarnog3@independent.co.uk,339,Sax,Arno
581,934-145-2330,knolig4@hp.com,224,Krispin,Noli
582,125-202-0732,solorenshawg5@soundcloud.com,426,Simon,Olorenshaw
583,811-999-4012,tbrashg6@yellowbook.com,87,Tallie,Brash
584,546-586-2050,cgoldhillg7@i2i.jp,354,Camel,Goldhill
585,826-449-1844,skestong8@senate.gov,545,Sofie,Keston
586,138-187-8405,jboulterg9@unc.edu,372,Joby,Boulter
587,367-373-9472,mduckerga@ning.com,64,Martynne,Ducker
588,360-774-7894,bcamblingb@mapquest.com,377,Benedick,Camblin
589,148-730-7516,lhindshawgc@goodreads.com,109,Lorry,Hindshaw
590,,bcodlinggd@hatena.ne.jp,46,Boony,Codling
591,443-580-1842,kklausewitzge@seesaa.net,524,Karita,Klausewitz
592,489-536-9267,nculletongf@nytimes.com,85,Norbert,Culleton
593,263-343-3684,dkubiakgg@wired.com,472,Dolf,Kubiak
594,293-124-7385,ddunderdalegh@cnn.com,486,Dom,Dunderdale
595,916-415-1447,svondrakgi@naver.com,38,Sawyer,Vondrak
596,280-533-3837,cdraudegj@blog.com,455,Cart,Draude
597,423-964-5653,fgoldsteingk@tinyurl.com,41,Filippa,Goldstein
598,550-785-0952,fwilloughbygl@mozilla.com,370,Fae,Willoughby
599,303-399-2822,mjosumgm@51.la,240,Marcelo,Josum
600,904-846-5463,cdresselgn@51.la,404,Christiana,Dressel
601,993-886-0453,wandreaccigo@parallels.com,105,Wright,Andreacci
602,655-901-6584,ycoatmangp@google.co.uk,55,Yancey,Coatman
603,814-406-7569,ntimlingq@apple.com,197,Natale,Timlin
604,150-437-1400,jhouchengr@usnews.com,254,Justine,Houchen
605,412-511-7296,kdamettigs@mediafire.com,28,Kingsley,Dametti
606,178-896-4475,bbraghinigt@yahoo.co.jp,471,Brenden,Braghini
607,491-961-2519,pglaumgu@yahoo.com,472,Pia,Glaum
608,207-795-0072,dhaythornegv@webmd.com,179,Delmar,Haythorne
609,462-281-7020,roscanlangw@youtube.com,242,Row,O'Scanlan
610,866-298-2900,jbouchgx@domainmarket.com,497,Jobie,Bouch
611,822-881-5680,egommerygy@slideshare.net,350,Evaleen,Gommery
612,919-813-8165,zvowelsgz@seattletimes.com,55,Zabrina,Vowels
613,262-897-4302,abenoeyh0@dyndns.org,530,Ansell,Benoey
614,761-343-8628,tandrellih1@tmall.com,88,Trent,Andrelli
615,972-508-5315,hsmogurh2@addtoany.com,407,Honor,Smogur
616,273-844-3994,bhabbershonh3@hud.gov,499,Benedict,Habbershon
617,813-161-3849,tdoramh4@twitter.com,503,Tilda,Doram
618,251-500-1839,bkoseh5@friendfeed.com,63,Belinda,Kose
619,962-581-5894,dwannanh6@yellowpages.com,455,De witt,Wannan
620,458-606-0400,ewhenmanh7@bbb.org,326,Elisa,Whenman
621,592-992-1551,kmatticcih8@parallels.com,152,Kerstin,MattiCCI
622,922-151-3872,dschrirenh9@globo.com,293,Dorey,Schriren
623,863-614-0697,akissickha@de.vu,112,Alexia,Kissick
624,636-687-6933,dtschieraschehb@ted.com,117,Dorotea,Tschierasche
625,860-483-3649,sleehc@google.nl,343,Sascha,Lee
626,824-424-8986,msmallsmanhd@vinaora.com,390,Mortimer,Smallsman
627,321-549-4489,nzelakehe@europa.eu,414,Nevins,Zelake
628,805-826-1530,dmaffyhf@so-net.ne.jp,3,Delia,Maffy
629,268-607-0595,neagershg@ed.gov,541,Nari,Eagers
630,871-594-0139,hmaudlinghh@qq.com,153,Harcourt,Maudling
631,266-206-8689,rsendallhi@nyu.edu,1,Ricardo,Sendall
632,918-472-3761,edomanekhj@skype.com,463,Engelbert,Domanek
633,965-854-5084,dribyhk@harvard.edu,190,Devina,Riby
634,684-366-3815,cscamadinehl@oaic.gov.au,246,Carroll,Scamadine
635,323-494-3032,abernardinohm@ca.gov,470,Adan,Bernardino
636,835-673-6830,psteinhn@cnet.com,51,Paulo,Stein
637,363-639-1490,kcalafateho@csmonitor.com,524,Kasey,Calafate
638,425-162-6721,adockseyhp@123-reg.co.uk,343,Angelica,Docksey
639,708-851-2725,jmanketellhq@ocn.ne.jp,364,Joan,Manketell
640,418-172-0529,lschimonekhr@amazonaws.com,173,Louie,Schimonek
641,261-864-2269,lrennixhs@npr.org,60,Lancelot,Rennix
642,370-370-0939,mlyalht@weebly.com,412,Morrie,Lyal
643,888-258-6883,obrayfordhu@miitbeian.gov.cn,74,Othella,Brayford
644,374-481-4257,aoliverhv@unesco.org,86,Arlyn,Oliver
645,655-980-1243,ydonnachiehw@microsoft.com,362,Yard,Donnachie
646,524-264-9021,mmatthishx@ca.gov,355,Margit,Matthis
647,610-735-0181,jduttonhy@reuters.com,213,Jayne,Dutton
648,268-278-2437,abrunellihz@amazon.de,212,Agretha,Brunelli
649,766-955-4217,nglanesteri0@amazon.co.uk,21,Norton,Glanester
650,182-245-9189,ncourverti1@ed.gov,260,Natasha,Courvert
651,704-638-1852,wmustchini2@tinyurl.com,384,Wallis,Mustchin
652,927-591-2412,nlevingsi3@istockphoto.com,174,Niko,Levings
653,678-526-4289,sweldeni4@yellowbook.com,433,Sunshine,Welden
654,231-561-4525,bevelyni5@shutterfly.com,286,Bartlett,Evelyn
655,365-605-4027,bpiscullii6@buzzfeed.com,373,Boris,Pisculli
656,136-389-5777,hhalahani7@washington.edu,142,Haskell,Halahan
657,687-838-8061,kendersbyi8@ehow.com,523,Karla,Endersby
658,570-579-8950,despi9@360.cn,278,Dee,Esp
659,706-540-3794,mgreetlandia@shop-pro.jp,322,Mahala,Greetland
660,104-754-1697,ccloseib@shinystat.com,114,Cliff,Close
661,454-789-2053,mnarupic@stanford.edu,186,Melly,Narup
662,633-861-3928,dchesnutid@tiny.cc,264,Darcie,Chesnut
663,807-934-8090,spatemoreie@github.io,238,Sloane,Patemore
664,914-562-8774,dmannif@liveinternet.ru,55,Deonne,Mann
665,557-415-6348,tborrillig@xing.com,389,Tremain,Borrill
666,747-973-4767,ffollandih@simplemachines.org,295,Faina,Folland
667,321-922-0303,hortaii@toplist.cz,54,Hobie,Orta
668,152-213-6253,rgidmanij@printfriendly.com,61,Reiko,Gidman
669,138-998-2979,ofilchakovik@buzzfeed.com,238,Osbert,Filchakov
670,419-986-7741,ecanningsil@gmpg.org,233,Ellissa,Cannings
671,303-638-9421,dbrokenshireim@1und1.de,378,Dahlia,Brokenshire
672,892-847-1459,mhightonin@prnewswire.com,108,Marybelle,Highton
673,180-650-4670,cyounieio@seesaa.net,169,Constantina,Younie
674,928-650-2739,cpollastrinoip@nymag.com,381,Cly,Pollastrino
675,926-444-9169,hdawtryiq@purevolume.com,383,Helge,Dawtry
676,688-840-7543,mschoroderir@paypal.com,445,Maribeth,Schoroder
677,454-706-7835,taimeis@howstuffworks.com,121,Timotheus,Aime
678,299-288-5867,hduforeit@t-online.de,514,Henrieta,Dufore
679,707-867-1569,abezantsiu@gnu.org,310,Adorne,Bezants
680,874-646-2860,svaleiv@youtube.com,541,Stanly,Vale
681,321-478-5494,dhalyiw@ucoz.com,413,Desmond,Haly
682,314-261-3165,kbrokerix@guardian.co.uk,51,Killie,Broker
683,591-247-5349,dstentifordiy@wordpress.org,535,Darcee,Stentiford
684,346-213-2374,aklassiz@salon.com,329,Aili,Klass
685,888-773-4140,kpleatj0@comcast.net,179,Kellen,Pleat
686,935-763-9566,npoetzj1@phoca.cz,33,Noble,Poetz
687,307-453-9475,tallenj2@dot.gov,467,Terrence,Allen
688,507-920-5990,jrivenzonj3@comsenz.com,367,Jeffie,Rivenzon
689,483-704-4245,rshelveyj4@washingtonpost.com,349,Ronnie,Shelvey
690,404-936-0111,adudneyj5@ameblo.jp,511,Axe,Dudney
691,829-959-9770,kmcelvoguej6@reference.com,40,Katinka,McElvogue
692,577-365-2335,kclayalj7@intel.com,158,Kile,Clayal
693,907-222-3409,jdenningj8@epa.gov,201,Johny,Denning
694,269-301-0644,npeviej9@aboutads.info,490,Nariko,Pevie
695,747-371-3739,vstedsonja@nifty.com,219,Vasily,Stedson
696,176-725-5291,gdennantjb@spotify.com,136,Glyn,Dennant
697,234-301-1135,cclaypolejc@forbes.com,478,Chaddie,Claypole
698,192-448-2806,tlilburnejd@state.tx.us,194,Tonya,Lilburne
699,946-581-4306,tgrimblebyje@zimbio.com,11,Terrel,Grimbleby
700,704-945-7393,bicetonjf@state.tx.us,255,Bunni,Iceton
701,,vschollickjg@stumbleupon.com,519,Vitoria,Schollick
702,616-813-7663,moflahertyjh@gravatar.com,206,Martita,O' Flaherty
703,764-852-3909,estuttardji@noaa.gov,72,Ellie,Stuttard
704,243-843-4079,mfarlamjj@multiply.com,411,Mona,Farlam
705,897-129-4993,mricharsonjk@ifeng.com,60,Marnia,Richarson
706,111-497-6481,lbodycombejl@posterous.com,62,Lydia,Bodycombe
707,367-789-7107,lkellewayjm@dropbox.com,501,Lennie,Kelleway
708,448-402-3891,kbloodjn@reuters.com,59,Kris,Blood
709,393-959-4669,ndedmanjo@usa.gov,461,Nomi,Dedman
710,951-865-3227,stustinjp@mlb.com,28,Stacee,Tustin
711,307-283-4435,ebrownleajq@shinystat.com,207,Eadith,Brownlea
712,304-913-8243,abewsyjr@dyndns.org,34,Amerigo,Bewsy
713,622-814-3425,wmassimijs@amazon.com,242,Winona,Massimi
714,383-757-5140,vbarkawayjt@state.tx.us,306,Vin,Barkaway
715,780-518-2714,ptwigleyju@bbb.org,186,Petunia,Twigley
716,,apilgrimjv@chron.com,104,Anderson,Pilgrim
717,216-147-9804,gwaghornejw@thetimes.co.uk,333,Gerek,Waghorne
718,719-786-1645,tlynettjx@ed.gov,519,Traci,Lynett
719,566-555-6177,bhaimesjy@ted.com,274,Bertrando,Haimes
720,778-103-5878,asmullinjz@wunderground.com,281,Aron,Smullin
721,816-267-3891,aveeversk0@time.com,527,Amos,Veevers
722,327-143-2418,zairesk1@cbslocal.com,104,Zolly,Aires
723,836-397-5700,gclaridgek2@ucsd.edu,392,Gayleen,Claridge
724,,bskoatek3@linkedin.com,141,Broddy,Skoate
725,661-497-5158,wmccrostiek4@guardian.co.uk,378,Wilden,McCrostie
726,516-886-4087,dballendinek5@house.gov,334,Dyana,Ballendine
727,100-645-6538,lroakek6@naver.com,539,Lethia,Roake
728,182-504-5825,kbeatk7@gnu.org,511,Kimberlee,Beat
729,578-756-3404,hdungatek8@sakura.ne.jp,185,Hubert,Dungate
730,653-347-8550,bcritzenk9@i2i.jp,336,Beryl,Critzen
731,233-336-6967,ncamidgeka@sohu.com,270,Noemi,Camidge
732,291-432-2702,dheggkb@ucla.edu,62,Davie,Hegg
733,177-870-0043,cyarrantonkc@nasa.gov,146,Cosimo,Yarranton
734,,chemerijkkd@pen.io,13,Cassi,Hemerijk
735,806-379-1324,vguilfoyleke@dot.gov,86,Violante,Guilfoyle
736,186-301-4467,jdowerskf@sciencedirect.com,313,Jareb,Dowers
737,394-102-7606,pislepkg@merriam-webster.com,252,Pernell,Islep
738,143-854-9291,ctatersalekh@bravesites.com,180,Carlo,Tatersale
739,958-784-1305,ahackletonki@wired.com,435,Alden,Hackleton
740,490-620-6158,pgobournkj@barnesandnoble.com,301,Pooh,Gobourn
741,793-239-7980,pbuzekkk@printfriendly.com,171,Paulie,Buzek
742,167-396-6290,fmilletonkl@hugedomains.com,193,Farly,Milleton
743,312-844-6010,hboddkm@nationalgeographic.com,230,Hesther,Bodd
744,546-863-2265,gwylderkn@cocolog-nifty.com,227,Gayla,Wylder
745,551-555-6565,nskerrattko@dailymotion.com,521,Nick,Skerratt
746,742-746-2788,rtolertonkp@delicious.com,264,Robinia,Tolerton
747,281-608-2160,lguppeykq@google.nl,244,Lynn,Guppey
748,195-159-4524,mvaadelandkr@wikia.com,277,Melany,Vaadeland
749,940-940-5747,cwaughks@ifeng.com,522,Cissiee,Waugh
750,124-617-0418,ecragheadkt@usda.gov,142,Emmie,Craghead
751,652-334-9925,cplumptreku@phoca.cz,191,Cassey,Plumptre
752,231-100-2903,ssimonardkv@chicagotribune.com,300,Sheff,Simonard
753,822-478-5946,civelkw@economist.com,30,Carolyne,Ivel
754,124-649-3090,rgodsafekx@noaa.gov,68,Roscoe,Godsafe
755,243-209-0704,ggantzky@angelfire.com,17,Graeme,Gantz
756,750-340-9333,fnewberykz@earthlink.net,392,Flori,Newbery
757,530-682-1691,pfrankl0@wired.com,205,Phip,Frank
758,124-730-9504,krufflil1@barnesandnoble.com,394,Kesley,Ruffli
759,766-357-3402,bgiblingl2@china.com.cn,313,Brady,Gibling
760,,fguerrel3@irs.gov,134,Far,Guerre
761,709-137-1219,wbartleetl4@sitemeter.com,328,Wendye,Bartleet
762,646-623-3852,jarnlil5@imgur.com,202,Jeannine,Arnli
763,179-298-1962,elethburyl6@mapy.cz,143,Edyth,Lethbury
764,226-688-3721,gshilstonel7@redcross.org,32,Gabriell,Shilstone
765,938-158-3663,mpohlkel8@wordpress.com,497,Myrilla,Pohlke
766,458-852-0592,wbeckersl9@jimdo.com,459,Windy,Beckers
767,919-529-6596,gbartosla@tinypic.com,239,Ginevra,Bartos
768,827-441-7011,ebarlasslb@1688.com,531,Edwin,Barlass
769,905-120-1009,bguardlc@networksolutions.com,470,Berkly,Guard
770,726-466-3070,dstuckesld@japanpost.jp,256,Debra,Stuckes
771,521-215-9620,rbratchle@ycombinator.com,328,Ruddy,Bratch
772,204-510-7171,elauxlf@hostgator.com,525,Emlynne,Laux
773,100-598-2233,rcranglelg@google.com.au,46,Rooney,Crangle
774,583-519-4308,adensielh@ehow.com,437,Avictor,Densie
775,915-208-3361,pcausnettli@kickstarter.com,141,Pincas,Causnett
776,506-184-8266,mqueyeirolj@cisco.com,339,Monika,Queyeiro
777,504-431-9253,zferrylk@uol.com.br,116,Zahara,Ferry
778,483-660-4576,rorisll@wikia.com,401,Roana,Oris
779,672-303-7887,scominslm@dailymotion.com,390,Seward,Comins
780,769-108-7368,wogradaln@mit.edu,357,Wendall,O'Grada
781,168-312-4021,sleitchlo@usnews.com,71,Shayna,Leitch
782,489-192-8297,godneylp@aol.com,124,Gena,Odney
783,265-758-4492,drootelq@nyu.edu,498,Damien,Roote
784,148-303-5289,jcroasdalelr@squarespace.com,276,Jamie,Croasdale
785,479-662-5647,brupertls@seattletimes.com,2,Bernelle,Rupert
786,710-287-5785,dangriclt@flickr.com,181,Dru,Angric
787,723-228-9017,sdashlu@friendfeed.com,397,Sal,Dash
788,401-681-5683,bgostalllv@constantcontact.com,544,Berti,Gostall
789,585-318-5919,dsimonichlw@cafepress.com,281,Daveen,Simonich
790,425-825-1288,gluxlx@comcast.net,138,Gail,Lux
791,399-933-1442,lolekhovly@state.gov,260,Lorilyn,Olekhov
792,810-856-4543,bdockertylz@usa.gov,461,Bethany,Dockerty
793,725-796-3151,tforkerm0@psu.edu,67,Temple,Forker
794,769-770-9978,ggaynem1@tuttocitta.it,249,Granville,Gayne
795,679-121-8059,tyarnoldm2@altervista.org,252,Townsend,Yarnold
796,219-865-1731,ltruettm3@slashdot.org,129,Lenore,Truett
797,621-982-4531,lhaggletonm4@wordpress.com,3,Lucias,Haggleton
798,168-732-8430,dwedmorem5@dagondesign.com,236,Dorita,Wedmore.
799,341-942-1920,rhowelsm6@github.io,445,Reta,Howels
800,230-106-7500,jwhylerm7@goodreads.com,484,Jeanna,Whyler
801,725-501-1524,athakem8@wisc.edu,477,Alford,Thake
802,508-313-2373,kcockroftm9@histats.com,400,Katya,Cockroft
803,378-820-5965,ebowmenma@hatena.ne.jp,518,Electra,Bowmen
804,851-577-9276,rdwellymb@over-blog.com,78,Rayner,Dwelly
805,851-303-5311,tioannoumc@arstechnica.com,271,Tabbi,Ioannou
806,196-878-4578,erawcliffemd@hud.gov,477,Elene,Rawcliffe
807,393-311-8327,gjewsburyme@google.com.br,85,Glen,Jewsbury
808,704-698-8016,rpoddmf@buzzfeed.com,366,Roda,Podd
809,499-431-7638,ccollifordmg@prnewswire.com,89,Camille,Colliford
810,410-338-9367,cbigbymh@skyrock.com,116,Constantino,Bigby
811,745-577-4985,mtomasinomi@fastcompany.com,119,Madlin,Tomasino
812,455-228-0006,stafanimj@hc360.com,520,Suellen,Tafani
813,638-515-2745,dlawesmk@weebly.com,82,Datha,Lawes
814,854-782-0546,ccluderayml@odnoklassniki.ru,9,Clifford,Cluderay
815,869-368-4444,ldwanemm@howstuffworks.com,353,Leshia,Dwane
816,330-358-9181,jbirksmn@vistaprint.com,102,Jacquette,Birks
817,189-818-3303,zdowardmo@liveinternet.ru,62,Zaria,Doward
818,177-396-5062,dknivettmp@csmonitor.com,137,Daveta,Knivett
819,689-241-8154,tdanskinemq@marriott.com,470,Theodora,Danskine
820,682-657-9576,sgooderhammr@rakuten.co.jp,317,Seamus,Gooderham
821,117-368-4152,sheaselgravems@goodreads.com,22,Sloan,Heaselgrave
822,863-239-7741,scaddmt@jigsy.com,510,Siouxie,Cadd
823,662-251-2194,esomersetmu@tripod.com,114,Emlynne,Somerset
824,930-582-5543,aindruchmv@printfriendly.com,186,Ariel,Indruch
825,843-500-0043,ctwitchingmw@over-blog.com,405,Correy,Twitching
826,641-482-1660,nbrydonmx@sphinn.com,107,Netty,Brydon
827,501-623-3856,pallkinsmy@cocolog-nifty.com,384,Pebrook,Allkins
828,257-786-5525,bvalesmz@altervista.org,457,Bobine,Vales
829,718-497-6612,nrewcastlen0@oracle.com,333,Nye,Rewcastle
830,347-820-9292,agoymern1@networksolutions.com,387,Alika,Goymer
831,442-456-9357,dpreedyn2@disqus.com,208,Dacy,Preedy
832,773-504-4461,gorablen3@wix.com,11,Grove,Orable
833,913-198-0054,dcosinsn4@ocn.ne.jp,345,Dani,Cosins
834,816-430-7157,gbraunthaln5@theglobeandmail.com,461,Guthrey,Braunthal
835,371-316-1881,mcardinalen6@earthlink.net,198,Millie,Cardinale
836,305-929-7651,nairlien7@blog.com,182,Nevil,Airlie
837,119-674-1712,cmoscon8@cnet.com,257,Clarie,Mosco
838,249-168-8456,hgillsonn9@sogou.com,354,Hedvig,Gillson
839,121-886-8242,zrojasna@mlb.com,376,Zitella,Rojas
840,561-807-5172,dgeesonnb@reference.com,297,Denny,Geeson
841,261-286-6553,nsymingtonnc@elegantthemes.com,85,Neysa,Symington
842,840-868-3502,ktugwellnd@fema.gov,323,Kelley,Tugwell
843,357-621-2112,smckailene@telegraph.co.uk,280,Sara-ann,McKaile
844,941-904-6027,clawthernf@irs.gov,353,Chrotoem,Lawther
845,741-890-1830,cjacobszng@cocolog-nifty.com,76,Chad,Jacobsz
846,965-960-6052,kjanawaynh@mashable.com,502,Keith,Janaway
847,510-769-2372,rguerreruni@ameblo.jp,332,Rosemary,Guerreru
848,356-759-6758,bdavauxnj@eepurl.com,360,Benjie,D'Avaux
849,450-469-9380,mdavissonnk@tuttocitta.it,464,Moina,Davisson
850,934-555-4013,agroundwatornl@google.com,149,Ashley,Groundwator
851,813-469-0394,ocasementnm@skype.com,391,Oswell,Casement
852,656-448-1651,vbeazeynn@goodreads.com,434,Valaria,Beazey
853,864-157-8603,pgotterno@wisc.edu,524,Pasquale,Gotter
854,204-138-8587,abalmnp@blogspot.com,227,Anastassia,Balm
855,944-315-7590,tconeronnq@nsw.gov.au,268,Tanhya,Coneron
856,498-583-6674,dkiwitznr@earthlink.net,107,Dodie,Kiwitz
857,982-306-8053,gkainns@seesaa.net,68,Giralda,Kain
858,789-110-9283,shearnahnt@cocolog-nifty.com,528,Saxon,Hearnah
859,212-372-2323,abodeganu@gov.uk,330,Ailene,Bodega
860,513-241-0805,clevershanv@netvibes.com,465,Cathe,Leversha
861,647-152-1292,wblanchetnw@xinhuanet.com,457,Winna,Blanchet
862,898-498-8416,nstapleynx@boston.com,394,Norry,Stapley
863,952-694-2586,dnordassny@cocolog-nifty.com,273,Darryl,Nordass
864,376-561-4563,limmingsnz@jimdo.com,253,Lawton,Immings
865,218-572-9981,ceveredo0@mysql.com,105,Carmel,Evered
866,612-536-0560,npoppyo1@utexas.edu,137,Nicolle,Poppy
867,647-648-7160,jyarwoodo2@un.org,98,Jobi,Yarwood
868,321-809-5284,eandreassono3@yellowpages.com,459,Elbertina,Andreasson
869,635-253-2762,ibriaro4@elegantthemes.com,501,Iris,Briar
870,946-264-3102,badsheado5@facebook.com,377,Bellina,Adshead
871,153-926-2724,csexo6@economist.com,453,Constantina,Sex
872,577-802-1307,wlermito7@1688.com,283,Winfield,Lermit
873,627-300-4435,cmeryetto8@amazon.de,311,Carlos,Meryett
874,905-876-6846,rlarnero9@biglobe.ne.jp,212,Raynard,Larner
875,345-838-2867,mwaseoa@hao123.com,429,Marc,Wase
876,367-911-1248,oalpsob@ucoz.com,6,Olympe,Alps
877,882-735-3782,cmccalumoc@de.vu,115,Celinda,McCalum
878,935-934-4893,cvollerod@stanford.edu,288,Chelsea,Voller
879,130-249-0828,treilyoe@cisco.com,102,Thorvald,Reily
880,128-499-0888,wdedamof@diigo.com,335,Wat,Dedam
881,370-738-2549,bknipeog@ycombinator.com,202,Bernette,Knipe
882,243-571-1947,rjosiahoh@wufoo.com,307,Rolando,Josiah
883,539-682-1153,spolycoteoi@state.tx.us,271,Sandra,Polycote
884,269-133-5845,kstuehmeyeroj@oaic.gov.au,353,Karlotte,Stuehmeyer
885,417-719-2762,gmckitterickok@wikimedia.org,18,Gwyn,McKitterick
886,794-274-3177,aaslenol@squidoo.com,75,Annora,Aslen
887,239-115-2131,mgilbeartom@ucsd.edu,422,Melinda,Gilbeart
888,137-988-9100,hdossiton@t.co,388,Hazel,Dossit
889,421-305-0235,darrelloo@adobe.com,396,Devina,Arrell
890,376-573-7302,abessellop@123-reg.co.uk,443,Alf,Bessell
891,664-189-1271,rsoggeeoq@jimdo.com,220,Rog,Soggee
892,508-417-3829,nmurleyor@goodreads.com,152,Northrup,Murley
893,362-867-4842,acolleros@washington.edu,420,Adler,Coller
894,390-665-2328,rcorbynot@ucoz.com,423,Robbyn,Corbyn
895,633-843-0600,pwakesou@amazon.co.jp,261,Peggi,Wakes
896,902-341-1853,moconcannonov@ehow.com,184,Maryl,O'Concannon
897,980-272-1675,losculleyow@ask.com,424,Loise,O'Sculley
898,987-103-4984,efawthorpeox@alexa.com,475,Ethelin,Fawthorpe
899,132-932-3986,atellenbrookoy@tripod.com,17,Arielle,Tellenbrook
900,533-163-1678,bchezelleoz@japanpost.jp,221,Bibbie,Chezelle
901,540-566-4417,cgreevep0@cisco.com,256,Cindi,Greeve
902,457-848-2499,cmanvellep1@g.co,219,Concettina,Manvelle
903,360-559-6212,jdummerp2@wired.com,273,Jo,Dummer
904,182-813-1137,hervinep3@mit.edu,413,Harwell,Ervine
905,649-440-7884,vpidcockp4@sitemeter.com,283,Veronica,Pidcock
906,114-543-4869,tkunzp5@scribd.com,232,Teador,Kunz
907,276-306-9597,spatelp6@360.cn,415,Sacha,Patel
908,873-641-3918,medsallp7@usda.gov,58,Malory,Edsall
909,421-462-1198,tdevereup8@wunderground.com,512,Town,Devereu
910,461-345-4289,cchishullp9@canalblog.com,327,Christyna,Chishull
911,815-119-4193,tservispa@epa.gov,194,Teri,Servis
912,952-530-5709,lwallacepb@google.de,483,Leif,Wallace
913,815-998-8940,mblincowepc@sitemeter.com,105,Mahmoud,Blincowe
914,487-922-5521,vwortleypd@nydailynews.com,540,Vivyanne,Wortley
915,470-945-2031,pburgispe@skype.com,454,Pearle,Burgis
916,211-222-3119,dcordeixpf@constantcontact.com,514,Dorine,Cordeix
917,402-911-0285,elevertonpg@eepurl.com,538,Emlyn,Leverton
918,862-157-5855,dkassmanph@typepad.com,376,Debera,Kassman
919,657-476-0300,crainbirdpi@elegantthemes.com,104,Cass,Rainbird
920,687-524-1069,mfawcittpj@irs.gov,40,Micky,Fawcitt
921,948-877-3033,psoutherillpk@mac.com,124,Prissie,Southerill
922,703-815-3463,kcowndleypl@is.gd,505,Kristel,Cowndley
923,466-307-5181,lwoakespm@ameblo.jp,113,Lucia,Woakes
924,180-240-2676,mulyattpn@moonfruit.com,275,Melvin,Ulyatt
925,940-180-1281,jmozzipo@earthlink.net,352,Jules,Mozzi
926,500-743-0294,bgreenlesspp@psu.edu,20,Broddy,Greenless
927,163-950-1295,lwalklottpq@google.fr,425,Livy,Walklott
928,449-358-0595,whargittpr@timesonline.co.uk,239,Walsh,Hargitt
929,235-260-6793,hdzeniskevichps@fda.gov,50,Herculie,Dzeniskevich
930,218-675-9468,achuneypt@usa.gov,522,Alley,Chuney
931,219-818-7307,scawcuttpu@dropbox.com,354,Shaine,Cawcutt
932,754-909-7565,bstanggjertsenpv@hp.com,215,Beryle,Stang-Gjertsen
933,547-268-1444,zstrongpw@yellowpages.com,305,Zea,Strong
934,,mcoganpx@usnews.com,56,Marie-ann,Cogan
935,155-200-1953,dfessionspy@abc.net.au,392,Denise,Fessions
936,156-410-1160,eaingepz@dyndns.org,197,Ephrem,Ainge
937,670-888-2280,tknottonq0@foxnews.com,94,Trstram,Knotton
938,256-600-6744,eknightlyq1@biblegateway.com,412,Ebeneser,Knightly
939,158-538-9831,sworhamq2@quantcast.com,444,Sarina,Worham
940,366-263-7752,bblatchfordq3@gov.uk,486,Bram,Blatchford
941,,yrussamq4@sourceforge.net,145,Yasmin,Russam
942,473-272-2055,jollanderq5@seattletimes.com,68,Jesus,Ollander
943,650-648-8350,amecchiq6@wikispaces.com,502,Arthur,Mecchi
944,480-921-4028,phuelinq7@yahoo.co.jp,327,Patricia,Huelin
945,422-374-0646,twalkingshawq8@hubpages.com,157,Thelma,Walkingshaw
946,353-815-0783,ascuffhamq9@pagesperso-orange.fr,543,Annalise,Scuffham
947,719-878-9692,kelleringtonqa@nature.com,139,Kirstyn,Ellerington
948,956-643-3213,mgreendaleqb@w3.org,90,Morganica,Greendale
949,966-162-6195,lsevilleqc@ebay.com,260,Lotte,Seville
950,728-885-5346,sjimsonqd@webs.com,257,Suellen,Jimson
951,887-943-7451,nsimmgenqe@google.co.jp,479,Nora,Simmgen
952,509-541-4149,gkarusqf@gmpg.org,199,Glenna,Karus
953,713-935-5569,cphelpqg@mac.com,361,Codie,Phelp
954,873-573-1378,sjinksqh@ftc.gov,76,Skylar,Jinks
955,123-510-9049,zurreyqi@alexa.com,312,Zsazsa,Urrey
956,561-622-8224,elyfordqj@reverbnation.com,67,Emlyn,Lyford
957,932-778-8666,dsmithinqk@census.gov,463,Demetri,Smithin
958,485-321-5191,avasyukhnovql@princeton.edu,281,Annetta,Vasyukhnov
959,952-365-8153,hsaingqm@elegantthemes.com,180,Herbie,Saing
960,416-148-0480,ejeanelqn@virginia.edu,298,Esma,Jeanel
961,927-827-3008,aluetkemeyersqo@nih.gov,462,Adelina,Luetkemeyers
962,857-243-7022,ngreneqp@yellowbook.com,533,Neill,Grene
963,152-883-8156,sbeehoqq@jigsy.com,332,Spence,Beeho
964,837-658-5582,bveltenqr@globo.com,364,Binnie,Velten
965,676-548-9986,rbarnbyqs@ft.com,163,Rourke,Barnby
966,833-474-9365,bgilliattqt@oracle.com,195,Bellina,Gilliatt
967,816-273-6601,fgobeauqu@webeden.co.uk,256,Fanni,Gobeau
968,298-645-2001,dastlingqv@abc.net.au,184,Denis,Astling
969,825-582-9297,lcrennanqw@usnews.com,329,Lovell,Crennan
970,759-738-4803,glazellqx@uiuc.edu,168,Gunar,Lazell
971,722-746-7553,nkettellqy@fc2.com,464,Nolana,Kettell
972,186-616-9276,abreedqz@deliciousdays.com,313,Aube,Breed
973,833-931-5678,ahallyburtonr0@bbc.co.uk,429,Alameda,Hallyburton
974,605-634-5843,channamr1@purevolume.com,23,Charmine,Hannam
975,916-461-7999,ahardypigginr2@smugmug.com,431,Ava,Hardy-Piggin
976,990-705-8734,jdillamorer3@theguardian.com,125,Josiah,Dillamore
977,800-735-9993,emaiseyr4@merriam-webster.com,105,Ezekiel,Maisey
978,499-437-1057,rpamplingr5@godaddy.com,177,Reid,Pampling
979,796-535-7250,ykeeleyr6@stumbleupon.com,154,Yulma,Keeley
980,405-152-6079,bhubandr7@google.co.uk,344,Brenn,Huband
981,189-623-6297,tbeamissr8@free.fr,263,Taite,Beamiss
982,481-810-0581,glittlemorer9@discuz.net,62,Genevra,Littlemore
983,665-490-1648,pivanovra@aol.com,9,Powell,Ivanov
984,655-360-4738,jholdrb@telegraph.co.uk,523,Jared,Hold
985,622-644-1781,dmessierrc@about.com,200,Dew,Messier
986,185-472-9848,lstanyanrd@hao123.com,12,Lotty,Stanyan
987,689-529-5046,arenardre@nature.com,530,Albina,Renard
988,761-309-7016,bsynanrf@ucsd.edu,383,Billie,Synan
989,320-291-3372,habbsrg@mysql.com,467,Henrie,Abbs
990,118-338-6279,labraminrh@tmall.com,181,Loleta,Abramin
991,897-487-9885,dtempleri@google.fr,74,Dixie,Temple
992,527-369-8786,pderuggierorj@a8.net,309,Phillip,De Ruggiero
993,666-711-2903,ideangelisrk@spotify.com,453,Isobel,De Angelis
994,718-492-1837,mrothertrl@yellowbook.com,257,Mildrid,Rothert
995,442-962-2972,cstanyardrm@simplemachines.org,130,Cassie,Stanyard
996,705-988-1864,keveredrn@salon.com,275,Karin,Evered
997,401-215-1908,scampanelliro@trellian.com,220,Stanford,Campanelli
998,210-783-8104,jbolesrp@ebay.com,324,Jeffy,Boles
999,,cdinisrq@etsy.com,354,Claribel,Dinis
1000,469-865-3881,gallansrr@umn.edu,530,Goddard,Allans
